OBJECTID,ACCLASS
15001,Non-Fatal Injury
15002,Non-Fatal Injury
15003,Non-Fatal Injury
15004,Non-Fatal Injury
15005,Non-Fatal Injury
15006,Non-Fatal Injury
15007,Non-Fatal Injury
15008,Non-Fatal Injury
15009,Non-Fatal Injury
15010,Non-Fatal Injury
15011,Non-Fatal Injury
15012,Non-Fatal Injury
15013,Non-Fatal Injury
15014,Non-Fatal Injury
15015,Non-Fatal Injury
15016,Non-Fatal Injury
15017,Non-Fatal Injury
15018,Non-Fatal Injury
15019,Non-Fatal Injury
15020,Non-Fatal Injury
15021,Non-Fatal Injury
15022,Non-Fatal Injury
15023,Non-Fatal Injury
15024,Non-Fatal Injury
15025,Non-Fatal Injury
15026,Non-Fatal Injury
15027,Non-Fatal Injury
15028,Non-Fatal Injury
15029,Non-Fatal Injury
15030,Non-Fatal Injury
15031,Non-Fatal Injury
15032,Non-Fatal Injury
15033,Non-Fatal Injury
15034,Non-Fatal Injury
15035,Non-Fatal Injury
15036,Non-Fatal Injury
15037,Non-Fatal Injury
15038,Non-Fatal Injury
15039,Non-Fatal Injury
15040,Non-Fatal Injury
15041,Non-Fatal Injury
15042,Non-Fatal Injury
15043,Non-Fatal Injury
15044,Non-Fatal Injury
15045,Non-Fatal Injury
15046,Non-Fatal Injury
15047,Non-Fatal Injury
15048,Non-Fatal Injury
15049,Non-Fatal Injury
15050,Non-Fatal Injury
15051,Non-Fatal Injury
15052,Non-Fatal Injury
15053,Non-Fatal Injury
15054,Non-Fatal Injury
15055,Non-Fatal Injury
15056,Non-Fatal Injury
15057,Non-Fatal Injury
15058,Non-Fatal Injury
15059,Non-Fatal Injury
15060,Non-Fatal Injury
15061,Non-Fatal Injury
15062,Non-Fatal Injury
15063,Non-Fatal Injury
15064,Non-Fatal Injury
15065,Non-Fatal Injury
15066,Non-Fatal Injury
15067,Non-Fatal Injury
15068,Non-Fatal Injury
15069,Non-Fatal Injury
15070,Non-Fatal Injury
15071,Non-Fatal Injury
15072,Non-Fatal Injury
15073,Non-Fatal Injury
15074,Non-Fatal Injury
15075,Non-Fatal Injury
15076,Non-Fatal Injury
15077,Non-Fatal Injury
15078,Non-Fatal Injury
15079,Non-Fatal Injury
15080,Non-Fatal Injury
15081,Non-Fatal Injury
15082,Non-Fatal Injury
15083,Non-Fatal Injury
15084,Non-Fatal Injury
15085,Non-Fatal Injury
15086,Non-Fatal Injury
15087,Non-Fatal Injury
15088,Non-Fatal Injury
15089,Non-Fatal Injury
15090,Non-Fatal Injury
15091,Non-Fatal Injury
15092,Non-Fatal Injury
15093,Non-Fatal Injury
15094,Non-Fatal Injury
15095,Non-Fatal Injury
15096,Non-Fatal Injury
15097,Non-Fatal Injury
15098,Non-Fatal Injury
15099,Non-Fatal Injury
15100,Non-Fatal Injury
15101,Non-Fatal Injury
15102,Non-Fatal Injury
15103,Non-Fatal Injury
15104,Non-Fatal Injury
15105,Non-Fatal Injury
15106,Non-Fatal Injury
15107,Non-Fatal Injury
15108,Non-Fatal Injury
15109,Non-Fatal Injury
15110,Non-Fatal Injury
15111,Non-Fatal Injury
15112,Non-Fatal Injury
15113,Non-Fatal Injury
15114,Non-Fatal Injury
15115,Non-Fatal Injury
15116,Non-Fatal Injury
15117,Non-Fatal Injury
15118,Non-Fatal Injury
15119,Non-Fatal Injury
15120,Non-Fatal Injury
15121,Non-Fatal Injury
15122,Non-Fatal Injury
15123,Non-Fatal Injury
15124,Non-Fatal Injury
15125,Non-Fatal Injury
15126,Non-Fatal Injury
15127,Non-Fatal Injury
15128,Non-Fatal Injury
15129,Non-Fatal Injury
15130,Non-Fatal Injury
15131,Non-Fatal Injury
15132,Non-Fatal Injury
15133,Non-Fatal Injury
15134,Fatal
15135,Fatal
15136,Non-Fatal Injury
15137,Non-Fatal Injury
15138,Non-Fatal Injury
15139,Non-Fatal Injury
15140,Non-Fatal Injury
15141,Non-Fatal Injury
15142,Non-Fatal Injury
15143,Non-Fatal Injury
15144,Non-Fatal Injury
15145,Non-Fatal Injury
15146,Non-Fatal Injury
15147,Non-Fatal Injury
15148,Non-Fatal Injury
15149,Non-Fatal Injury
15150,Non-Fatal Injury
15151,Non-Fatal Injury
15152,Non-Fatal Injury
15153,Non-Fatal Injury
15154,Non-Fatal Injury
15155,Non-Fatal Injury
15156,Non-Fatal Injury
15157,Non-Fatal Injury
15158,Non-Fatal Injury
15159,Non-Fatal Injury
15160,Non-Fatal Injury
15161,Non-Fatal Injury
15162,Non-Fatal Injury
15163,Non-Fatal Injury
15164,Non-Fatal Injury
15165,Non-Fatal Injury
15166,Non-Fatal Injury
15167,Non-Fatal Injury
15168,Non-Fatal Injury
15169,Non-Fatal Injury
15170,Non-Fatal Injury
15171,Non-Fatal Injury
15172,Non-Fatal Injury
15173,Non-Fatal Injury
15174,Non-Fatal Injury
15175,Non-Fatal Injury
15176,Non-Fatal Injury
15177,Non-Fatal Injury
15178,Non-Fatal Injury
15179,Non-Fatal Injury
15180,Non-Fatal Injury
15181,Non-Fatal Injury
15182,Non-Fatal Injury
15183,Non-Fatal Injury
15184,Non-Fatal Injury
15185,Non-Fatal Injury
15186,Non-Fatal Injury
15187,Non-Fatal Injury
15188,Non-Fatal Injury
15189,Non-Fatal Injury
15190,Non-Fatal Injury
15191,Non-Fatal Injury
15192,Non-Fatal Injury
15193,Non-Fatal Injury
15194,Non-Fatal Injury
15195,Non-Fatal Injury
15196,Non-Fatal Injury
15197,Non-Fatal Injury
15198,Non-Fatal Injury
15199,Non-Fatal Injury
15200,Non-Fatal Injury
15201,Non-Fatal Injury
15202,Non-Fatal Injury
15203,Non-Fatal Injury
15204,Non-Fatal Injury
15205,Non-Fatal Injury
15206,Non-Fatal Injury
15207,Non-Fatal Injury
15208,Non-Fatal Injury
15209,Non-Fatal Injury
15210,Non-Fatal Injury
15211,Non-Fatal Injury
15212,Non-Fatal Injury
15213,Non-Fatal Injury
15214,Non-Fatal Injury
15215,Non-Fatal Injury
15216,Non-Fatal Injury
15217,Non-Fatal Injury
15218,Non-Fatal Injury
15219,Non-Fatal Injury
15220,Non-Fatal Injury
15221,Non-Fatal Injury
15222,Non-Fatal Injury
15223,Non-Fatal Injury
15224,Non-Fatal Injury
15225,Non-Fatal Injury
15226,Non-Fatal Injury
15227,Non-Fatal Injury
15228,Non-Fatal Injury
15229,Non-Fatal Injury
15230,Non-Fatal Injury
15231,Non-Fatal Injury
15232,Non-Fatal Injury
15233,Non-Fatal Injury
15234,Non-Fatal Injury
15235,Non-Fatal Injury
15236,Non-Fatal Injury
15237,Non-Fatal Injury
15238,Non-Fatal Injury
15239,Non-Fatal Injury
15240,Non-Fatal Injury
15241,Non-Fatal Injury
15242,Non-Fatal Injury
15243,Non-Fatal Injury
15244,Non-Fatal Injury
15245,Non-Fatal Injury
15246,Non-Fatal Injury
15247,Non-Fatal Injury
15248,Non-Fatal Injury
15249,Non-Fatal Injury
15250,Non-Fatal Injury
15251,Non-Fatal Injury
15252,Non-Fatal Injury
15253,Non-Fatal Injury
15254,Non-Fatal Injury
15255,Non-Fatal Injury
15256,Non-Fatal Injury
15257,Non-Fatal Injury
15258,Non-Fatal Injury
15259,Non-Fatal Injury
15260,Non-Fatal Injury
15261,Non-Fatal Injury
15262,Non-Fatal Injury
15263,Non-Fatal Injury
15264,Non-Fatal Injury
15265,Non-Fatal Injury
15266,Non-Fatal Injury
15267,Non-Fatal Injury
15268,Non-Fatal Injury
15269,Non-Fatal Injury
15270,Non-Fatal Injury
15271,Non-Fatal Injury
15272,Non-Fatal Injury
15273,Non-Fatal Injury
15274,Non-Fatal Injury
15275,Non-Fatal Injury
15276,Non-Fatal Injury
15277,Non-Fatal Injury
15278,Non-Fatal Injury
15279,Non-Fatal Injury
15280,Non-Fatal Injury
15281,Non-Fatal Injury
15282,Non-Fatal Injury
15283,Non-Fatal Injury
15284,Non-Fatal Injury
15285,Non-Fatal Injury
15286,Non-Fatal Injury
15287,Non-Fatal Injury
15288,Non-Fatal Injury
15289,Non-Fatal Injury
15290,Non-Fatal Injury
15291,Non-Fatal Injury
15292,Non-Fatal Injury
15293,Non-Fatal Injury
15294,Non-Fatal Injury
15295,Non-Fatal Injury
15296,Non-Fatal Injury
15297,Non-Fatal Injury
15298,Non-Fatal Injury
15299,Non-Fatal Injury
15300,Non-Fatal Injury
15301,Non-Fatal Injury
15302,Non-Fatal Injury
15303,Non-Fatal Injury
15304,Non-Fatal Injury
15305,Non-Fatal Injury
15306,Non-Fatal Injury
15307,Fatal
15308,Non-Fatal Injury
15309,Non-Fatal Injury
15310,Non-Fatal Injury
15311,Non-Fatal Injury
15312,Non-Fatal Injury
15313,Non-Fatal Injury
15314,Non-Fatal Injury
15315,Non-Fatal Injury
15316,Non-Fatal Injury
15317,Non-Fatal Injury
15318,Non-Fatal Injury
15319,Non-Fatal Injury
15320,Non-Fatal Injury
15321,Fatal
15322,Non-Fatal Injury
15323,Non-Fatal Injury
15324,Non-Fatal Injury
15325,Non-Fatal Injury
15326,Non-Fatal Injury
15327,Non-Fatal Injury
15328,Non-Fatal Injury
15329,Non-Fatal Injury
15330,Non-Fatal Injury
15331,Non-Fatal Injury
15332,Non-Fatal Injury
15333,Non-Fatal Injury
15334,Non-Fatal Injury
15335,Non-Fatal Injury
15336,Non-Fatal Injury
15337,Non-Fatal Injury
15338,Non-Fatal Injury
15339,Non-Fatal Injury
15340,Non-Fatal Injury
15341,Non-Fatal Injury
15342,Non-Fatal Injury
15343,Non-Fatal Injury
15344,Fatal
15345,Non-Fatal Injury
15346,Non-Fatal Injury
15347,Non-Fatal Injury
15348,Non-Fatal Injury
15349,Non-Fatal Injury
15350,Non-Fatal Injury
15351,Non-Fatal Injury
15352,Non-Fatal Injury
15353,Non-Fatal Injury
15354,Non-Fatal Injury
15355,Non-Fatal Injury
15356,Non-Fatal Injury
15357,Non-Fatal Injury
15358,Non-Fatal Injury
15359,Non-Fatal Injury
15360,Non-Fatal Injury
15361,Non-Fatal Injury
15362,Non-Fatal Injury
15363,Non-Fatal Injury
15364,Non-Fatal Injury
15365,Non-Fatal Injury
15366,Non-Fatal Injury
15367,Non-Fatal Injury
15368,Non-Fatal Injury
15369,Non-Fatal Injury
15370,Non-Fatal Injury
15371,Non-Fatal Injury
15372,Non-Fatal Injury
15373,Non-Fatal Injury
15374,Non-Fatal Injury
15375,Non-Fatal Injury
15376,Non-Fatal Injury
15377,Non-Fatal Injury
15378,Non-Fatal Injury
15379,Non-Fatal Injury
15380,Fatal
15381,Non-Fatal Injury
15382,Non-Fatal Injury
15383,Non-Fatal Injury
15384,Non-Fatal Injury
15385,Non-Fatal Injury
15386,Non-Fatal Injury
15387,Non-Fatal Injury
15388,Non-Fatal Injury
15389,Non-Fatal Injury
15390,Non-Fatal Injury
15391,Non-Fatal Injury
15392,Non-Fatal Injury
15393,Non-Fatal Injury
15394,Non-Fatal Injury
15395,Non-Fatal Injury
15396,Non-Fatal Injury
15397,Non-Fatal Injury
15398,Non-Fatal Injury
15399,Non-Fatal Injury
15400,Non-Fatal Injury
15401,Non-Fatal Injury
15402,Non-Fatal Injury
15403,Non-Fatal Injury
15404,Non-Fatal Injury
15405,Non-Fatal Injury
15406,Non-Fatal Injury
15407,Non-Fatal Injury
15408,Non-Fatal Injury
15409,Non-Fatal Injury
15410,Non-Fatal Injury
15411,Non-Fatal Injury
15412,Non-Fatal Injury
15413,Non-Fatal Injury
15414,Non-Fatal Injury
15415,Non-Fatal Injury
15416,Non-Fatal Injury
15417,Non-Fatal Injury
15418,Non-Fatal Injury
15419,Non-Fatal Injury
15420,Non-Fatal Injury
15421,Non-Fatal Injury
15422,Non-Fatal Injury
15423,Non-Fatal Injury
15424,Non-Fatal Injury
15425,Non-Fatal Injury
15426,Non-Fatal Injury
15427,Non-Fatal Injury
15428,Non-Fatal Injury
15429,Non-Fatal Injury
15430,Non-Fatal Injury
15431,Non-Fatal Injury
15432,Non-Fatal Injury
15433,Non-Fatal Injury
15434,Non-Fatal Injury
15435,Non-Fatal Injury
15436,Non-Fatal Injury
15437,Non-Fatal Injury
15438,Non-Fatal Injury
15439,Non-Fatal Injury
15440,Non-Fatal Injury
15441,Non-Fatal Injury
15442,Non-Fatal Injury
15443,Non-Fatal Injury
15444,Non-Fatal Injury
15445,Non-Fatal Injury
15446,Non-Fatal Injury
15447,Non-Fatal Injury
15448,Non-Fatal Injury
15449,Non-Fatal Injury
15450,Non-Fatal Injury
15451,Non-Fatal Injury
15452,Non-Fatal Injury
15453,Non-Fatal Injury
15454,Non-Fatal Injury
15455,Non-Fatal Injury
15456,Non-Fatal Injury
15457,Non-Fatal Injury
15458,Non-Fatal Injury
15459,Non-Fatal Injury
15460,Non-Fatal Injury
15461,Non-Fatal Injury
15462,Non-Fatal Injury
15463,Non-Fatal Injury
15464,Non-Fatal Injury
15465,Non-Fatal Injury
15466,Non-Fatal Injury
15467,Non-Fatal Injury
15468,Non-Fatal Injury
15469,Non-Fatal Injury
15470,Non-Fatal Injury
15471,Non-Fatal Injury
15472,Non-Fatal Injury
15473,Non-Fatal Injury
15474,Non-Fatal Injury
15475,Non-Fatal Injury
15476,Non-Fatal Injury
15477,Non-Fatal Injury
15478,Non-Fatal Injury
15479,Non-Fatal Injury
15480,Non-Fatal Injury
15481,Non-Fatal Injury
15482,Non-Fatal Injury
15483,Non-Fatal Injury
15484,Non-Fatal Injury
15485,Non-Fatal Injury
15486,Non-Fatal Injury
15487,Non-Fatal Injury
15488,Non-Fatal Injury
15489,Non-Fatal Injury
15490,Non-Fatal Injury
15491,Non-Fatal Injury
15492,Non-Fatal Injury
15493,Non-Fatal Injury
15494,Non-Fatal Injury
15495,Non-Fatal Injury
15496,Non-Fatal Injury
15497,Non-Fatal Injury
15498,Non-Fatal Injury
15499,Non-Fatal Injury
15500,Non-Fatal Injury
15501,Non-Fatal Injury
15502,Non-Fatal Injury
15503,Non-Fatal Injury
15504,Non-Fatal Injury
15505,Non-Fatal Injury
15506,Non-Fatal Injury
15507,Non-Fatal Injury
15508,Non-Fatal Injury
15509,Non-Fatal Injury
15510,Non-Fatal Injury
15511,Non-Fatal Injury
15512,Non-Fatal Injury
15513,Non-Fatal Injury
15514,Non-Fatal Injury
15515,Non-Fatal Injury
15516,Non-Fatal Injury
15517,Non-Fatal Injury
15518,Non-Fatal Injury
15519,Non-Fatal Injury
15520,Non-Fatal Injury
15521,Non-Fatal Injury
15522,Non-Fatal Injury
15523,Non-Fatal Injury
15524,Non-Fatal Injury
15525,Non-Fatal Injury
15526,Non-Fatal Injury
15527,Non-Fatal Injury
15528,Non-Fatal Injury
15529,Non-Fatal Injury
15530,Non-Fatal Injury
15531,Non-Fatal Injury
15532,Non-Fatal Injury
15533,Non-Fatal Injury
15534,Non-Fatal Injury
15535,Non-Fatal Injury
15536,Non-Fatal Injury
15537,Non-Fatal Injury
15538,Non-Fatal Injury
15539,Non-Fatal Injury
15540,Non-Fatal Injury
15541,Non-Fatal Injury
15542,Non-Fatal Injury
15543,Non-Fatal Injury
15544,Non-Fatal Injury
15545,Non-Fatal Injury
15546,Non-Fatal Injury
15547,Non-Fatal Injury
15548,Non-Fatal Injury
15549,Non-Fatal Injury
15550,Non-Fatal Injury
15551,Non-Fatal Injury
15552,Non-Fatal Injury
15553,Non-Fatal Injury
15554,Non-Fatal Injury
15555,Non-Fatal Injury
15556,Non-Fatal Injury
15557,Non-Fatal Injury
15558,Non-Fatal Injury
15559,Non-Fatal Injury
15560,Non-Fatal Injury
15561,Non-Fatal Injury
15562,Non-Fatal Injury
15563,Non-Fatal Injury
15564,Non-Fatal Injury
15565,Non-Fatal Injury
15566,Non-Fatal Injury
15567,Non-Fatal Injury
15568,Non-Fatal Injury
15569,Non-Fatal Injury
15570,Non-Fatal Injury
15571,Non-Fatal Injury
15572,Non-Fatal Injury
15573,Non-Fatal Injury
15574,Non-Fatal Injury
15575,Non-Fatal Injury
15576,Non-Fatal Injury
15577,Non-Fatal Injury
15578,Non-Fatal Injury
15579,Non-Fatal Injury
15580,Non-Fatal Injury
15581,Non-Fatal Injury
15582,Non-Fatal Injury
15583,Non-Fatal Injury
15584,Non-Fatal Injury
15585,Non-Fatal Injury
15586,Non-Fatal Injury
15587,Non-Fatal Injury
15588,Non-Fatal Injury
15589,Non-Fatal Injury
15590,Non-Fatal Injury
15591,Non-Fatal Injury
15592,Non-Fatal Injury
15593,Non-Fatal Injury
15594,Non-Fatal Injury
15595,Non-Fatal Injury
15596,Non-Fatal Injury
15597,Non-Fatal Injury
15598,Non-Fatal Injury
15599,Non-Fatal Injury
15600,Non-Fatal Injury
15601,Fatal
15602,Fatal
15603,Non-Fatal Injury
15604,Non-Fatal Injury
15605,Non-Fatal Injury
15606,Non-Fatal Injury
15607,Non-Fatal Injury
15608,Non-Fatal Injury
15609,Non-Fatal Injury
15610,Non-Fatal Injury
15611,Non-Fatal Injury
15612,Non-Fatal Injury
15613,Non-Fatal Injury
15614,Non-Fatal Injury
15615,Non-Fatal Injury
15616,Non-Fatal Injury
15617,Non-Fatal Injury
15618,Non-Fatal Injury
15619,Non-Fatal Injury
15620,Non-Fatal Injury
15621,Non-Fatal Injury
15622,Non-Fatal Injury
15623,Non-Fatal Injury
15624,Non-Fatal Injury
15625,Non-Fatal Injury
15626,Non-Fatal Injury
15627,Non-Fatal Injury
15628,Non-Fatal Injury
15629,Non-Fatal Injury
15630,Non-Fatal Injury
15631,Non-Fatal Injury
15632,Non-Fatal Injury
15633,Non-Fatal Injury
15634,Non-Fatal Injury
15635,Non-Fatal Injury
15636,Non-Fatal Injury
15637,Non-Fatal Injury
15638,Non-Fatal Injury
15639,Non-Fatal Injury
15640,Non-Fatal Injury
15641,Non-Fatal Injury
15642,Non-Fatal Injury
15643,Non-Fatal Injury
15644,Non-Fatal Injury
15645,Non-Fatal Injury
15646,Non-Fatal Injury
15647,Non-Fatal Injury
15648,Non-Fatal Injury
15649,Non-Fatal Injury
15650,Non-Fatal Injury
15651,Non-Fatal Injury
15652,Non-Fatal Injury
15653,Non-Fatal Injury
15654,Non-Fatal Injury
15655,Non-Fatal Injury
15656,Non-Fatal Injury
15657,Non-Fatal Injury
15658,Non-Fatal Injury
15659,Non-Fatal Injury
15660,Non-Fatal Injury
15661,Non-Fatal Injury
15662,Non-Fatal Injury
15663,Non-Fatal Injury
15664,Non-Fatal Injury
15665,Non-Fatal Injury
15666,Non-Fatal Injury
15667,Non-Fatal Injury
15668,Non-Fatal Injury
15669,Non-Fatal Injury
15670,Non-Fatal Injury
15671,Non-Fatal Injury
15672,Non-Fatal Injury
15673,Non-Fatal Injury
15674,Non-Fatal Injury
15675,Non-Fatal Injury
15676,Non-Fatal Injury
15677,Non-Fatal Injury
15678,Non-Fatal Injury
15679,Non-Fatal Injury
15680,Non-Fatal Injury
15681,Non-Fatal Injury
15682,Non-Fatal Injury
15683,Non-Fatal Injury
15684,Non-Fatal Injury
15685,Non-Fatal Injury
15686,Non-Fatal Injury
15687,Non-Fatal Injury
15688,Non-Fatal Injury
15689,Non-Fatal Injury
15690,Non-Fatal Injury
15691,Non-Fatal Injury
15692,Non-Fatal Injury
15693,Non-Fatal Injury
15694,Non-Fatal Injury
15695,Non-Fatal Injury
15696,Non-Fatal Injury
15697,Non-Fatal Injury
15698,Non-Fatal Injury
15699,Non-Fatal Injury
15700,Non-Fatal Injury
15701,Non-Fatal Injury
15702,Non-Fatal Injury
15703,Non-Fatal Injury
15704,Non-Fatal Injury
15705,Non-Fatal Injury
15706,Non-Fatal Injury
15707,Non-Fatal Injury
15708,Non-Fatal Injury
15709,Non-Fatal Injury
15710,Non-Fatal Injury
15711,Non-Fatal Injury
15712,Non-Fatal Injury
15713,Non-Fatal Injury
15714,Non-Fatal Injury
15715,Non-Fatal Injury
15716,Non-Fatal Injury
15717,Non-Fatal Injury
15718,Non-Fatal Injury
15719,Non-Fatal Injury
15720,Non-Fatal Injury
15721,Non-Fatal Injury
15722,Non-Fatal Injury
15723,Non-Fatal Injury
15724,Non-Fatal Injury
15725,Non-Fatal Injury
15726,Non-Fatal Injury
15727,Non-Fatal Injury
15728,Non-Fatal Injury
15729,Non-Fatal Injury
15730,Non-Fatal Injury
15731,Fatal
15732,Non-Fatal Injury
15733,Non-Fatal Injury
15734,Non-Fatal Injury
15735,Non-Fatal Injury
15736,Non-Fatal Injury
15737,Non-Fatal Injury
15738,Non-Fatal Injury
15739,Non-Fatal Injury
15740,Non-Fatal Injury
15741,Non-Fatal Injury
15742,Non-Fatal Injury
15743,Non-Fatal Injury
15744,Non-Fatal Injury
15745,Non-Fatal Injury
15746,Non-Fatal Injury
15747,Non-Fatal Injury
15748,Non-Fatal Injury
15749,Non-Fatal Injury
15750,Non-Fatal Injury
15751,Non-Fatal Injury
15752,Non-Fatal Injury
15753,Non-Fatal Injury
15754,Non-Fatal Injury
15755,Non-Fatal Injury
15756,Non-Fatal Injury
15757,Non-Fatal Injury
15758,Non-Fatal Injury
15759,Non-Fatal Injury
15760,Non-Fatal Injury
15761,Non-Fatal Injury
15762,Non-Fatal Injury
15763,Non-Fatal Injury
15764,Non-Fatal Injury
15765,Non-Fatal Injury
15766,Non-Fatal Injury
15767,Non-Fatal Injury
15768,Non-Fatal Injury
15769,Non-Fatal Injury
15770,Non-Fatal Injury
15771,Non-Fatal Injury
15772,Non-Fatal Injury
15773,Non-Fatal Injury
15774,Non-Fatal Injury
15775,Non-Fatal Injury
15776,Non-Fatal Injury
15777,Non-Fatal Injury
15778,Non-Fatal Injury
15779,Non-Fatal Injury
15780,Non-Fatal Injury
15781,Non-Fatal Injury
15782,Non-Fatal Injury
15783,Non-Fatal Injury
15784,Non-Fatal Injury
15785,Non-Fatal Injury
15786,Non-Fatal Injury
15787,Non-Fatal Injury
15788,Non-Fatal Injury
15789,Non-Fatal Injury
15790,Non-Fatal Injury
15791,Non-Fatal Injury
15792,Non-Fatal Injury
15793,Non-Fatal Injury
15794,Non-Fatal Injury
15795,Non-Fatal Injury
15796,Non-Fatal Injury
15797,Non-Fatal Injury
15798,Non-Fatal Injury
15799,Non-Fatal Injury
15800,Non-Fatal Injury
15801,Non-Fatal Injury
15802,Non-Fatal Injury
15803,Non-Fatal Injury
15804,Non-Fatal Injury
15805,Non-Fatal Injury
15806,Non-Fatal Injury
15807,Non-Fatal Injury
15808,Non-Fatal Injury
15809,Non-Fatal Injury
15810,Non-Fatal Injury
15811,Non-Fatal Injury
15812,Non-Fatal Injury
15813,Non-Fatal Injury
15814,Non-Fatal Injury
15815,Non-Fatal Injury
15816,Non-Fatal Injury
15817,Non-Fatal Injury
15818,Non-Fatal Injury
15819,Non-Fatal Injury
15820,Non-Fatal Injury
15821,Non-Fatal Injury
15822,Non-Fatal Injury
15823,Non-Fatal Injury
15824,Non-Fatal Injury
15825,Non-Fatal Injury
15826,Non-Fatal Injury
15827,Non-Fatal Injury
15828,Non-Fatal Injury
15829,Non-Fatal Injury
15830,Non-Fatal Injury
15831,Non-Fatal Injury
15832,Non-Fatal Injury
15833,Non-Fatal Injury
15834,Non-Fatal Injury
15835,Non-Fatal Injury
15836,Non-Fatal Injury
15837,Non-Fatal Injury
15838,Non-Fatal Injury
15839,Non-Fatal Injury
15840,Non-Fatal Injury
15841,Non-Fatal Injury
15842,Non-Fatal Injury
15843,Non-Fatal Injury
15844,Non-Fatal Injury
15845,Non-Fatal Injury
15846,Non-Fatal Injury
15847,Non-Fatal Injury
15848,Non-Fatal Injury
15849,Non-Fatal Injury
15850,Non-Fatal Injury
15851,Non-Fatal Injury
15852,Non-Fatal Injury
15853,Non-Fatal Injury
15854,Non-Fatal Injury
15855,Non-Fatal Injury
15856,Non-Fatal Injury
15857,Non-Fatal Injury
15858,Non-Fatal Injury
15859,Non-Fatal Injury
15860,Non-Fatal Injury
15861,Non-Fatal Injury
15862,Non-Fatal Injury
15863,Non-Fatal Injury
15864,Non-Fatal Injury
15865,Non-Fatal Injury
15866,Non-Fatal Injury
15867,Non-Fatal Injury
15868,Non-Fatal Injury
15869,Non-Fatal Injury
15870,Non-Fatal Injury
15871,Non-Fatal Injury
15872,Non-Fatal Injury
15873,Non-Fatal Injury
15874,Non-Fatal Injury
15875,Non-Fatal Injury
15876,Non-Fatal Injury
15877,Non-Fatal Injury
15878,Non-Fatal Injury
15879,Non-Fatal Injury
15880,Non-Fatal Injury
15881,Non-Fatal Injury
15882,Non-Fatal Injury
15883,Non-Fatal Injury
15884,Non-Fatal Injury
15885,Non-Fatal Injury
15886,Non-Fatal Injury
15887,Non-Fatal Injury
15888,Non-Fatal Injury
15889,Non-Fatal Injury
15890,Non-Fatal Injury
15891,Non-Fatal Injury
15892,Non-Fatal Injury
15893,Non-Fatal Injury
15894,Non-Fatal Injury
15895,Non-Fatal Injury
15896,Non-Fatal Injury
15897,Non-Fatal Injury
15898,Non-Fatal Injury
15899,Non-Fatal Injury
15900,Non-Fatal Injury
15901,Non-Fatal Injury
15902,Non-Fatal Injury
15903,Non-Fatal Injury
15904,Non-Fatal Injury
15905,Non-Fatal Injury
15906,Non-Fatal Injury
15907,Fatal
15908,Fatal
15909,Fatal
15910,Non-Fatal Injury
15911,Non-Fatal Injury
15912,Non-Fatal Injury
15913,Non-Fatal Injury
15914,Non-Fatal Injury
15915,Non-Fatal Injury
15916,Non-Fatal Injury
15917,Non-Fatal Injury
15918,Non-Fatal Injury
15919,Non-Fatal Injury
15920,Non-Fatal Injury
15921,Non-Fatal Injury
15922,Non-Fatal Injury
15923,Non-Fatal Injury
15924,Non-Fatal Injury
15925,Non-Fatal Injury
15926,Non-Fatal Injury
15927,Non-Fatal Injury
15928,Non-Fatal Injury
15929,Non-Fatal Injury
15930,Non-Fatal Injury
15931,Non-Fatal Injury
15932,Non-Fatal Injury
15933,Non-Fatal Injury
15934,Non-Fatal Injury
15935,Non-Fatal Injury
15936,Non-Fatal Injury
15937,Non-Fatal Injury
15938,Non-Fatal Injury
15939,Non-Fatal Injury
15940,Non-Fatal Injury
15941,Non-Fatal Injury
15942,Non-Fatal Injury
15943,Non-Fatal Injury
15944,Non-Fatal Injury
15945,Non-Fatal Injury
15946,Non-Fatal Injury
15947,Non-Fatal Injury
15948,Non-Fatal Injury
15949,Non-Fatal Injury
15950,Non-Fatal Injury
15951,Non-Fatal Injury
15952,Non-Fatal Injury
15953,Non-Fatal Injury
15954,Non-Fatal Injury
15955,Non-Fatal Injury
15956,Non-Fatal Injury
15957,Non-Fatal Injury
15958,Non-Fatal Injury
15959,Non-Fatal Injury
15960,Non-Fatal Injury
15961,Non-Fatal Injury
15962,Non-Fatal Injury
15963,Non-Fatal Injury
15964,Non-Fatal Injury
15965,Non-Fatal Injury
15966,Non-Fatal Injury
15967,Non-Fatal Injury
15968,Non-Fatal Injury
15969,Non-Fatal Injury
15970,Non-Fatal Injury
15971,Non-Fatal Injury
15972,Non-Fatal Injury
15973,Non-Fatal Injury
15974,Non-Fatal Injury
15975,Non-Fatal Injury
15976,Non-Fatal Injury
15977,Non-Fatal Injury
15978,Non-Fatal Injury
15979,Non-Fatal Injury
15980,Non-Fatal Injury
15981,Non-Fatal Injury
15982,Non-Fatal Injury
15983,Non-Fatal Injury
15984,Non-Fatal Injury
15985,Non-Fatal Injury
15986,Non-Fatal Injury
15987,Non-Fatal Injury
15988,Non-Fatal Injury
15989,Non-Fatal Injury
15990,Non-Fatal Injury
15991,Non-Fatal Injury
15992,Non-Fatal Injury
15993,Non-Fatal Injury
15994,Non-Fatal Injury
15995,Non-Fatal Injury
15996,Non-Fatal Injury
15997,Non-Fatal Injury
15998,Non-Fatal Injury
15999,Non-Fatal Injury
16000,Non-Fatal Injury
16001,Non-Fatal Injury
16002,Non-Fatal Injury
16003,Non-Fatal Injury
16004,Non-Fatal Injury
16005,Non-Fatal Injury
16006,Non-Fatal Injury
16007,Non-Fatal Injury
16008,Non-Fatal Injury
16009,Non-Fatal Injury
16010,Non-Fatal Injury
16011,Non-Fatal Injury
16012,Non-Fatal Injury
16013,Non-Fatal Injury
16014,Non-Fatal Injury
16015,Non-Fatal Injury
16016,Non-Fatal Injury
16017,Non-Fatal Injury
16018,Non-Fatal Injury
16019,Non-Fatal Injury
16020,Non-Fatal Injury
16021,Non-Fatal Injury
16022,Non-Fatal Injury
16023,Non-Fatal Injury
16024,Non-Fatal Injury
16025,Fatal
16026,Fatal
16027,Non-Fatal Injury
16028,Non-Fatal Injury
16029,Non-Fatal Injury
16030,Non-Fatal Injury
16031,Non-Fatal Injury
16032,Non-Fatal Injury
16033,Non-Fatal Injury
16034,Non-Fatal Injury
16035,Non-Fatal Injury
16036,Non-Fatal Injury
16037,Non-Fatal Injury
16038,Non-Fatal Injury
16039,Non-Fatal Injury
16040,Non-Fatal Injury
16041,Non-Fatal Injury
16042,Non-Fatal Injury
16043,Non-Fatal Injury
16044,Non-Fatal Injury
16045,Non-Fatal Injury
16046,Non-Fatal Injury
16047,Non-Fatal Injury
16048,Non-Fatal Injury
16049,Non-Fatal Injury
16050,Non-Fatal Injury
16051,Non-Fatal Injury
16052,Non-Fatal Injury
16053,Non-Fatal Injury
16054,Non-Fatal Injury
16055,Non-Fatal Injury
16056,Non-Fatal Injury
16057,Non-Fatal Injury
16058,Non-Fatal Injury
16059,Non-Fatal Injury
16060,Non-Fatal Injury
16061,Non-Fatal Injury
16062,Non-Fatal Injury
16063,Non-Fatal Injury
16064,Non-Fatal Injury
16065,Non-Fatal Injury
16066,Non-Fatal Injury
16067,Non-Fatal Injury
16068,Non-Fatal Injury
16069,Non-Fatal Injury
16070,Non-Fatal Injury
16071,Non-Fatal Injury
16072,Non-Fatal Injury
16073,Non-Fatal Injury
16074,Non-Fatal Injury
16075,Non-Fatal Injury
16076,Non-Fatal Injury
16077,Non-Fatal Injury
16078,Non-Fatal Injury
16079,Non-Fatal Injury
16080,Non-Fatal Injury
16081,Non-Fatal Injury
16082,Non-Fatal Injury
16083,Non-Fatal Injury
16084,Non-Fatal Injury
16085,Non-Fatal Injury
16086,Non-Fatal Injury
16087,Non-Fatal Injury
16088,Non-Fatal Injury
16089,Non-Fatal Injury
16090,Non-Fatal Injury
16091,Non-Fatal Injury
16092,Non-Fatal Injury
16093,Non-Fatal Injury
16094,Non-Fatal Injury
16095,Non-Fatal Injury
16096,Non-Fatal Injury
16097,Non-Fatal Injury
16098,Non-Fatal Injury
16099,Non-Fatal Injury
16100,Non-Fatal Injury
16101,Non-Fatal Injury
16102,Non-Fatal Injury
16103,Non-Fatal Injury
16104,Non-Fatal Injury
16105,Non-Fatal Injury
16106,Non-Fatal Injury
16107,Non-Fatal Injury
16108,Non-Fatal Injury
16109,Non-Fatal Injury
16110,Non-Fatal Injury
16111,Non-Fatal Injury
16112,Non-Fatal Injury
16113,Non-Fatal Injury
16114,Non-Fatal Injury
16115,Non-Fatal Injury
16116,Non-Fatal Injury
16117,Non-Fatal Injury
16118,Non-Fatal Injury
16119,Non-Fatal Injury
16120,Non-Fatal Injury
16121,Non-Fatal Injury
16122,Non-Fatal Injury
16123,Non-Fatal Injury
16124,Non-Fatal Injury
16125,Non-Fatal Injury
16126,Non-Fatal Injury
16127,Non-Fatal Injury
16128,Non-Fatal Injury
16129,Non-Fatal Injury
16130,Non-Fatal Injury
16131,Non-Fatal Injury
16132,Non-Fatal Injury
16133,Non-Fatal Injury
16134,Non-Fatal Injury
16135,Non-Fatal Injury
16136,Non-Fatal Injury
16137,Non-Fatal Injury
16138,Non-Fatal Injury
16139,Non-Fatal Injury
16140,Non-Fatal Injury
16141,Non-Fatal Injury
16142,Non-Fatal Injury
16143,Non-Fatal Injury
16144,Non-Fatal Injury
16145,Non-Fatal Injury
16146,Non-Fatal Injury
16147,Non-Fatal Injury
16148,Non-Fatal Injury
16149,Non-Fatal Injury
16150,Non-Fatal Injury
16151,Non-Fatal Injury
16152,Non-Fatal Injury
16153,Non-Fatal Injury
16154,Non-Fatal Injury
16155,Non-Fatal Injury
16156,Non-Fatal Injury
16157,Non-Fatal Injury
16158,Non-Fatal Injury
16159,Non-Fatal Injury
16160,Non-Fatal Injury
16161,Non-Fatal Injury
16162,Non-Fatal Injury
16163,Non-Fatal Injury
16164,Non-Fatal Injury
16165,Non-Fatal Injury
16166,Non-Fatal Injury
16167,Non-Fatal Injury
16168,Non-Fatal Injury
16169,Non-Fatal Injury
16170,Non-Fatal Injury
16171,Non-Fatal Injury
16172,Non-Fatal Injury
16173,Non-Fatal Injury
16174,Non-Fatal Injury
16175,Non-Fatal Injury
16176,Non-Fatal Injury
16177,Non-Fatal Injury
16178,Non-Fatal Injury
16179,Non-Fatal Injury
16180,Non-Fatal Injury
16181,Non-Fatal Injury
16182,Non-Fatal Injury
16183,Non-Fatal Injury
16184,Non-Fatal Injury
16185,Non-Fatal Injury
16186,Non-Fatal Injury
16187,Non-Fatal Injury
16188,Non-Fatal Injury
16189,Non-Fatal Injury
16190,Non-Fatal Injury
16191,Non-Fatal Injury
16192,Non-Fatal Injury
16193,Non-Fatal Injury
16194,Non-Fatal Injury
16195,Non-Fatal Injury
16196,Non-Fatal Injury
16197,Non-Fatal Injury
16198,Non-Fatal Injury
16199,Non-Fatal Injury
16200,Non-Fatal Injury
16201,Non-Fatal Injury
16202,Non-Fatal Injury
16203,Non-Fatal Injury
16204,Non-Fatal Injury
16205,Non-Fatal Injury
16206,Non-Fatal Injury
16207,Non-Fatal Injury
16208,Non-Fatal Injury
16209,Non-Fatal Injury
16210,Non-Fatal Injury
16211,Non-Fatal Injury
16212,Non-Fatal Injury
16213,Non-Fatal Injury
16214,Non-Fatal Injury
16215,Non-Fatal Injury
16216,Non-Fatal Injury
16217,Non-Fatal Injury
16218,Non-Fatal Injury
16219,Non-Fatal Injury
16220,Non-Fatal Injury
16221,Non-Fatal Injury
16222,Non-Fatal Injury
16223,Non-Fatal Injury
16224,Non-Fatal Injury
16225,Non-Fatal Injury
16226,Non-Fatal Injury
16227,Non-Fatal Injury
16228,Non-Fatal Injury
16229,Non-Fatal Injury
16230,Non-Fatal Injury
16231,Non-Fatal Injury
16232,Non-Fatal Injury
16233,Non-Fatal Injury
16234,Non-Fatal Injury
16235,Non-Fatal Injury
16236,Non-Fatal Injury
16237,Non-Fatal Injury
16238,Non-Fatal Injury
16239,Non-Fatal Injury
16240,Non-Fatal Injury
16241,Non-Fatal Injury
16242,Non-Fatal Injury
16243,Non-Fatal Injury
16244,Non-Fatal Injury
16245,Non-Fatal Injury
16246,Non-Fatal Injury
16247,Non-Fatal Injury
16248,Non-Fatal Injury
16249,Non-Fatal Injury
16250,Non-Fatal Injury
16251,Non-Fatal Injury
16252,Non-Fatal Injury
16253,Non-Fatal Injury
16254,Non-Fatal Injury
16255,Non-Fatal Injury
16256,Non-Fatal Injury
16257,Non-Fatal Injury
16258,Non-Fatal Injury
16259,Non-Fatal Injury
16260,Non-Fatal Injury
16261,Non-Fatal Injury
16262,Non-Fatal Injury
16263,Non-Fatal Injury
16264,Non-Fatal Injury
16265,Non-Fatal Injury
16266,Non-Fatal Injury
16267,Non-Fatal Injury
16268,Non-Fatal Injury
16269,Non-Fatal Injury
16270,Non-Fatal Injury
16271,Non-Fatal Injury
16272,Non-Fatal Injury
16273,Non-Fatal Injury
16274,Non-Fatal Injury
16275,Non-Fatal Injury
16276,Non-Fatal Injury
16277,Non-Fatal Injury
16278,Non-Fatal Injury
16279,Non-Fatal Injury
16280,Non-Fatal Injury
16281,Non-Fatal Injury
16282,Fatal
16283,Non-Fatal Injury
16284,Non-Fatal Injury
16285,Non-Fatal Injury
16286,Non-Fatal Injury
16287,Non-Fatal Injury
16288,Non-Fatal Injury
16289,Non-Fatal Injury
16290,Non-Fatal Injury
16291,Non-Fatal Injury
16292,Non-Fatal Injury
16293,Non-Fatal Injury
16294,Non-Fatal Injury
16295,Fatal
16296,Non-Fatal Injury
16297,Non-Fatal Injury
16298,Non-Fatal Injury
16299,Non-Fatal Injury
16300,Non-Fatal Injury
16301,Non-Fatal Injury
16302,Non-Fatal Injury
16303,Non-Fatal Injury
16304,Non-Fatal Injury
16305,Non-Fatal Injury
16306,Non-Fatal Injury
16307,Non-Fatal Injury
16308,Non-Fatal Injury
16309,Non-Fatal Injury
16310,Non-Fatal Injury
16311,Non-Fatal Injury
16312,Non-Fatal Injury
16313,Non-Fatal Injury
16314,Non-Fatal Injury
16315,Non-Fatal Injury
16316,Non-Fatal Injury
16317,Non-Fatal Injury
16318,Non-Fatal Injury
16319,Non-Fatal Injury
16320,Non-Fatal Injury
16321,Non-Fatal Injury
16322,Non-Fatal Injury
16323,Non-Fatal Injury
16324,Non-Fatal Injury
16325,Non-Fatal Injury
16326,Non-Fatal Injury
16327,Non-Fatal Injury
16328,Non-Fatal Injury
16329,Non-Fatal Injury
16330,Non-Fatal Injury
16331,Non-Fatal Injury
16332,Non-Fatal Injury
16333,Non-Fatal Injury
16334,Non-Fatal Injury
16335,Non-Fatal Injury
16336,Non-Fatal Injury
16337,Non-Fatal Injury
16338,Non-Fatal Injury
16339,Non-Fatal Injury
16340,Non-Fatal Injury
16341,Non-Fatal Injury
16342,Non-Fatal Injury
16343,Non-Fatal Injury
16344,Non-Fatal Injury
16345,Non-Fatal Injury
16346,Non-Fatal Injury
16347,Non-Fatal Injury
16348,Non-Fatal Injury
16349,Non-Fatal Injury
16350,Non-Fatal Injury
16351,Non-Fatal Injury
16352,Non-Fatal Injury
16353,Non-Fatal Injury
16354,Non-Fatal Injury
16355,Non-Fatal Injury
16356,Non-Fatal Injury
16357,Non-Fatal Injury
16358,Non-Fatal Injury
16359,Non-Fatal Injury
16360,Non-Fatal Injury
16361,Non-Fatal Injury
16362,Non-Fatal Injury
16363,Non-Fatal Injury
16364,Non-Fatal Injury
16365,Non-Fatal Injury
16366,Non-Fatal Injury
16367,Non-Fatal Injury
16368,Non-Fatal Injury
16369,Non-Fatal Injury
16370,Non-Fatal Injury
16371,Non-Fatal Injury
16372,Non-Fatal Injury
16373,Non-Fatal Injury
16374,Non-Fatal Injury
16375,Non-Fatal Injury
16376,Non-Fatal Injury
16377,Non-Fatal Injury
16378,Non-Fatal Injury
16379,Non-Fatal Injury
16380,Non-Fatal Injury
16381,Non-Fatal Injury
16382,Non-Fatal Injury
16383,Non-Fatal Injury
16384,Non-Fatal Injury
16385,Non-Fatal Injury
16386,Non-Fatal Injury
16387,Non-Fatal Injury
16388,Non-Fatal Injury
16389,Non-Fatal Injury
16390,Non-Fatal Injury
16391,Non-Fatal Injury
16392,Non-Fatal Injury
16393,Non-Fatal Injury
16394,Non-Fatal Injury
16395,Non-Fatal Injury
16396,Non-Fatal Injury
16397,Non-Fatal Injury
16398,Non-Fatal Injury
16399,Non-Fatal Injury
16400,Non-Fatal Injury
16401,Non-Fatal Injury
16402,Non-Fatal Injury
16403,Non-Fatal Injury
16404,Non-Fatal Injury
16405,Non-Fatal Injury
16406,Non-Fatal Injury
16407,Non-Fatal Injury
16408,Non-Fatal Injury
16409,Non-Fatal Injury
16410,Non-Fatal Injury
16411,Non-Fatal Injury
16412,Non-Fatal Injury
16413,Non-Fatal Injury
16414,Non-Fatal Injury
16415,Non-Fatal Injury
16416,Non-Fatal Injury
16417,Non-Fatal Injury
16418,Non-Fatal Injury
16419,Non-Fatal Injury
16420,Non-Fatal Injury
16421,Non-Fatal Injury
16422,Non-Fatal Injury
16423,Non-Fatal Injury
16424,Non-Fatal Injury
16425,Non-Fatal Injury
16426,Non-Fatal Injury
16427,Non-Fatal Injury
16428,Non-Fatal Injury
16429,Non-Fatal Injury
16430,Non-Fatal Injury
16431,Non-Fatal Injury
16432,Non-Fatal Injury
16433,Non-Fatal Injury
16434,Non-Fatal Injury
16435,Non-Fatal Injury
16436,Non-Fatal Injury
16437,Non-Fatal Injury
16438,Non-Fatal Injury
16439,Non-Fatal Injury
16440,Non-Fatal Injury
16441,Non-Fatal Injury
16442,Non-Fatal Injury
16443,Non-Fatal Injury
16444,Non-Fatal Injury
16445,Non-Fatal Injury
16446,Non-Fatal Injury
16447,Non-Fatal Injury
16448,Non-Fatal Injury
16449,Non-Fatal Injury
16450,Non-Fatal Injury
16451,Non-Fatal Injury
16452,Non-Fatal Injury
16453,Non-Fatal Injury
16454,Non-Fatal Injury
16455,Non-Fatal Injury
16456,Non-Fatal Injury
16457,Non-Fatal Injury
16458,Non-Fatal Injury
16459,Non-Fatal Injury
16460,Non-Fatal Injury
16461,Non-Fatal Injury
16462,Non-Fatal Injury
16463,Non-Fatal Injury
16464,Non-Fatal Injury
16465,Non-Fatal Injury
16466,Non-Fatal Injury
16467,Non-Fatal Injury
16468,Non-Fatal Injury
16469,Non-Fatal Injury
16470,Non-Fatal Injury
16471,Non-Fatal Injury
16472,Non-Fatal Injury
16473,Non-Fatal Injury
16474,Non-Fatal Injury
16475,Non-Fatal Injury
16476,Non-Fatal Injury
16477,Non-Fatal Injury
16478,Non-Fatal Injury
16479,Non-Fatal Injury
16480,Non-Fatal Injury
16481,Non-Fatal Injury
16482,Non-Fatal Injury
16483,Non-Fatal Injury
16484,Non-Fatal Injury
16485,Non-Fatal Injury
16486,Non-Fatal Injury
16487,Non-Fatal Injury
16488,Non-Fatal Injury
16489,Non-Fatal Injury
16490,Non-Fatal Injury
16491,Non-Fatal Injury
16492,Non-Fatal Injury
16493,Non-Fatal Injury
16494,Non-Fatal Injury
16495,Non-Fatal Injury
16496,Non-Fatal Injury
16497,Non-Fatal Injury
16498,Non-Fatal Injury
16499,Non-Fatal Injury
16500,Non-Fatal Injury
16501,Non-Fatal Injury
16502,Non-Fatal Injury
16503,Non-Fatal Injury
16504,Non-Fatal Injury
16505,Non-Fatal Injury
16506,Non-Fatal Injury
16507,Non-Fatal Injury
16508,Non-Fatal Injury
16509,Non-Fatal Injury
16510,Non-Fatal Injury
16511,Non-Fatal Injury
16512,Non-Fatal Injury
16513,Non-Fatal Injury
16514,Non-Fatal Injury
16515,Non-Fatal Injury
16516,Non-Fatal Injury
16517,Non-Fatal Injury
16518,Non-Fatal Injury
16519,Non-Fatal Injury
16520,Non-Fatal Injury
16521,Non-Fatal Injury
16522,Non-Fatal Injury
16523,Non-Fatal Injury
16524,Non-Fatal Injury
16525,Non-Fatal Injury
16526,Non-Fatal Injury
16527,Non-Fatal Injury
16528,Non-Fatal Injury
16529,Non-Fatal Injury
16530,Non-Fatal Injury
16531,Non-Fatal Injury
16532,Non-Fatal Injury
16533,Non-Fatal Injury
16534,Non-Fatal Injury
16535,Non-Fatal Injury
16536,Non-Fatal Injury
16537,Non-Fatal Injury
16538,Non-Fatal Injury
16539,Non-Fatal Injury
16540,Non-Fatal Injury
16541,Non-Fatal Injury
16542,Non-Fatal Injury
16543,Non-Fatal Injury
16544,Non-Fatal Injury
16545,Non-Fatal Injury
16546,Non-Fatal Injury
16547,Non-Fatal Injury
16548,Non-Fatal Injury
16549,Non-Fatal Injury
16550,Non-Fatal Injury
16551,Non-Fatal Injury
16552,Non-Fatal Injury
16553,Non-Fatal Injury
16554,Non-Fatal Injury
16555,Non-Fatal Injury
16556,Non-Fatal Injury
16557,Non-Fatal Injury
16558,Non-Fatal Injury
16559,Non-Fatal Injury
16560,Non-Fatal Injury
16561,Non-Fatal Injury
16562,Non-Fatal Injury
16563,Non-Fatal Injury
16564,Non-Fatal Injury
16565,Non-Fatal Injury
16566,Non-Fatal Injury
16567,Non-Fatal Injury
16568,Non-Fatal Injury
16569,Non-Fatal Injury
16570,Non-Fatal Injury
16571,Non-Fatal Injury
16572,Non-Fatal Injury
16573,Non-Fatal Injury
16574,Non-Fatal Injury
16575,Non-Fatal Injury
16576,Non-Fatal Injury
16577,Non-Fatal Injury
16578,Non-Fatal Injury
16579,Non-Fatal Injury
16580,Non-Fatal Injury
16581,Non-Fatal Injury
16582,Non-Fatal Injury
16583,Non-Fatal Injury
16584,Non-Fatal Injury
16585,Non-Fatal Injury
16586,Non-Fatal Injury
16587,Non-Fatal Injury
16588,Non-Fatal Injury
16589,Non-Fatal Injury
16590,Non-Fatal Injury
16591,Non-Fatal Injury
16592,Non-Fatal Injury
16593,Non-Fatal Injury
16594,Non-Fatal Injury
16595,Non-Fatal Injury
16596,Non-Fatal Injury
16597,Non-Fatal Injury
16598,Non-Fatal Injury
16599,Non-Fatal Injury
16600,Non-Fatal Injury
16601,Non-Fatal Injury
16602,Non-Fatal Injury
16603,Non-Fatal Injury
16604,Non-Fatal Injury
16605,Non-Fatal Injury
16606,Non-Fatal Injury
16607,Non-Fatal Injury
16608,Non-Fatal Injury
16609,Non-Fatal Injury
16610,Non-Fatal Injury
16611,Non-Fatal Injury
16612,Non-Fatal Injury
16613,Non-Fatal Injury
16614,Non-Fatal Injury
16615,Non-Fatal Injury
16616,Non-Fatal Injury
16617,Non-Fatal Injury
16618,Non-Fatal Injury
16619,Non-Fatal Injury
16620,Non-Fatal Injury
16621,Non-Fatal Injury
16622,Non-Fatal Injury
16623,Non-Fatal Injury
16624,Non-Fatal Injury
16625,Non-Fatal Injury
16626,Non-Fatal Injury
16627,Non-Fatal Injury
16628,Non-Fatal Injury
16629,Non-Fatal Injury
16630,Non-Fatal Injury
16631,Non-Fatal Injury
16632,Non-Fatal Injury
16633,Non-Fatal Injury
16634,Non-Fatal Injury
16635,Non-Fatal Injury
16636,Non-Fatal Injury
16637,Non-Fatal Injury
16638,Non-Fatal Injury
16639,Non-Fatal Injury
16640,Non-Fatal Injury
16641,Non-Fatal Injury
16642,Non-Fatal Injury
16643,Non-Fatal Injury
16644,Non-Fatal Injury
16645,Non-Fatal Injury
16646,Non-Fatal Injury
16647,Non-Fatal Injury
16648,Non-Fatal Injury
16649,Non-Fatal Injury
16650,Non-Fatal Injury
16651,Non-Fatal Injury
16652,Non-Fatal Injury
16653,Non-Fatal Injury
16654,Non-Fatal Injury
16655,Non-Fatal Injury
16656,Non-Fatal Injury
16657,Non-Fatal Injury
16658,Non-Fatal Injury
16659,Non-Fatal Injury
16660,Non-Fatal Injury
16661,Non-Fatal Injury
16662,Non-Fatal Injury
16663,Non-Fatal Injury
16664,Non-Fatal Injury
16665,Non-Fatal Injury
16666,Non-Fatal Injury
16667,Non-Fatal Injury
16668,Non-Fatal Injury
16669,Non-Fatal Injury
16670,Non-Fatal Injury
16671,Non-Fatal Injury
16672,Non-Fatal Injury
16673,Non-Fatal Injury
16674,Non-Fatal Injury
16675,Non-Fatal Injury
16676,Non-Fatal Injury
16677,Non-Fatal Injury
16678,Non-Fatal Injury
16679,Non-Fatal Injury
16680,Non-Fatal Injury
16681,Non-Fatal Injury
16682,Non-Fatal Injury
16683,Non-Fatal Injury
16684,Non-Fatal Injury
16685,Non-Fatal Injury
16686,Non-Fatal Injury
16687,Non-Fatal Injury
16688,Non-Fatal Injury
16689,Non-Fatal Injury
16690,Non-Fatal Injury
16691,Non-Fatal Injury
16692,Non-Fatal Injury
16693,Non-Fatal Injury
16694,Non-Fatal Injury
16695,Non-Fatal Injury
16696,Non-Fatal Injury
16697,Non-Fatal Injury
16698,Non-Fatal Injury
16699,Non-Fatal Injury
16700,Non-Fatal Injury
16701,Non-Fatal Injury
16702,Fatal
16703,Fatal
16704,Non-Fatal Injury
16705,Non-Fatal Injury
16706,Non-Fatal Injury
16707,Non-Fatal Injury
16708,Non-Fatal Injury
16709,Non-Fatal Injury
16710,Non-Fatal Injury
16711,Non-Fatal Injury
16712,Non-Fatal Injury
16713,Non-Fatal Injury
16714,Non-Fatal Injury
16715,Non-Fatal Injury
16716,Non-Fatal Injury
16717,Non-Fatal Injury
16718,Non-Fatal Injury
16719,Non-Fatal Injury
16720,Non-Fatal Injury
16721,Non-Fatal Injury
16722,Non-Fatal Injury
16723,Non-Fatal Injury
16724,Non-Fatal Injury
16725,Non-Fatal Injury
16726,Non-Fatal Injury
16727,Non-Fatal Injury
16728,Non-Fatal Injury
16729,Non-Fatal Injury
16730,Non-Fatal Injury
16731,Non-Fatal Injury
16732,Non-Fatal Injury
16733,Non-Fatal Injury
16734,Non-Fatal Injury
16735,Non-Fatal Injury
16736,Non-Fatal Injury
16737,Non-Fatal Injury
16738,Non-Fatal Injury
16739,Non-Fatal Injury
16740,Non-Fatal Injury
16741,Non-Fatal Injury
16742,Non-Fatal Injury
16743,Non-Fatal Injury
16744,Non-Fatal Injury
16745,Non-Fatal Injury
16746,Non-Fatal Injury
16747,Non-Fatal Injury
16748,Non-Fatal Injury
16749,Non-Fatal Injury
16750,Non-Fatal Injury
16751,Non-Fatal Injury
16752,Non-Fatal Injury
16753,Non-Fatal Injury
16754,Non-Fatal Injury
16755,Non-Fatal Injury
16756,Non-Fatal Injury
16757,Non-Fatal Injury
16758,Non-Fatal Injury
16759,Non-Fatal Injury
16760,Non-Fatal Injury
16761,Non-Fatal Injury
16762,Non-Fatal Injury
16763,Non-Fatal Injury
16764,Fatal
16765,Non-Fatal Injury
16766,Non-Fatal Injury
16767,Non-Fatal Injury
16768,Non-Fatal Injury
16769,Non-Fatal Injury
16770,Fatal
16771,Fatal
16772,Non-Fatal Injury
16773,Non-Fatal Injury
16774,Non-Fatal Injury
16775,Non-Fatal Injury
16776,Non-Fatal Injury
16777,Non-Fatal Injury
16778,Non-Fatal Injury
16779,Non-Fatal Injury
16780,Non-Fatal Injury
16781,Non-Fatal Injury
16782,Non-Fatal Injury
16783,Non-Fatal Injury
16784,Non-Fatal Injury
16785,Non-Fatal Injury
16786,Non-Fatal Injury
16787,Non-Fatal Injury
16788,Non-Fatal Injury
16789,Non-Fatal Injury
16790,Non-Fatal Injury
16791,Non-Fatal Injury
16792,Non-Fatal Injury
16793,Non-Fatal Injury
16794,Non-Fatal Injury
16795,Fatal
16796,Non-Fatal Injury
16797,Non-Fatal Injury
16798,Non-Fatal Injury
16799,Non-Fatal Injury
16800,Non-Fatal Injury
16801,Non-Fatal Injury
16802,Non-Fatal Injury
16803,Non-Fatal Injury
16804,Non-Fatal Injury
16805,Non-Fatal Injury
16806,Non-Fatal Injury
16807,Non-Fatal Injury
16808,Non-Fatal Injury
16809,Non-Fatal Injury
16810,Non-Fatal Injury
16811,Non-Fatal Injury
16812,Non-Fatal Injury
16813,Non-Fatal Injury
16814,Non-Fatal Injury
16815,Non-Fatal Injury
16816,Non-Fatal Injury
16817,Non-Fatal Injury
16818,Non-Fatal Injury
16819,Non-Fatal Injury
16820,Non-Fatal Injury
16821,Non-Fatal Injury
16822,Non-Fatal Injury
16823,Non-Fatal Injury
16824,Non-Fatal Injury
16825,Non-Fatal Injury
16826,Non-Fatal Injury
16827,Non-Fatal Injury
16828,Non-Fatal Injury
16829,Non-Fatal Injury
16830,Non-Fatal Injury
16831,Fatal
16832,Fatal
16833,Non-Fatal Injury
16834,Non-Fatal Injury
16835,Non-Fatal Injury
16836,Non-Fatal Injury
16837,Non-Fatal Injury
16838,Non-Fatal Injury
16839,Non-Fatal Injury
16840,Non-Fatal Injury
16841,Non-Fatal Injury
16842,Non-Fatal Injury
16843,Non-Fatal Injury
16844,Non-Fatal Injury
16845,Non-Fatal Injury
16846,Non-Fatal Injury
16847,Non-Fatal Injury
16848,Non-Fatal Injury
16849,Non-Fatal Injury
16850,Non-Fatal Injury
16851,Non-Fatal Injury
16852,Non-Fatal Injury
16853,Non-Fatal Injury
16854,Non-Fatal Injury
16855,Non-Fatal Injury
16856,Non-Fatal Injury
16857,Non-Fatal Injury
16858,Non-Fatal Injury
16859,Non-Fatal Injury
16860,Non-Fatal Injury
16861,Non-Fatal Injury
16862,Non-Fatal Injury
16863,Non-Fatal Injury
16864,Non-Fatal Injury
16865,Non-Fatal Injury
16866,Non-Fatal Injury
16867,Non-Fatal Injury
16868,Non-Fatal Injury
16869,Non-Fatal Injury
16870,Non-Fatal Injury
16871,Non-Fatal Injury
16872,Non-Fatal Injury
16873,Non-Fatal Injury
16874,Non-Fatal Injury
16875,Non-Fatal Injury
16876,Non-Fatal Injury
16877,Non-Fatal Injury
16878,Non-Fatal Injury
16879,Non-Fatal Injury
16880,Non-Fatal Injury
16881,Non-Fatal Injury
16882,Non-Fatal Injury
16883,Non-Fatal Injury
16884,Non-Fatal Injury
16885,Non-Fatal Injury
16886,Non-Fatal Injury
16887,Non-Fatal Injury
16888,Non-Fatal Injury
16889,Non-Fatal Injury
16890,Non-Fatal Injury
16891,Non-Fatal Injury
16892,Non-Fatal Injury
16893,Non-Fatal Injury
16894,Non-Fatal Injury
16895,Non-Fatal Injury
16896,Non-Fatal Injury
16897,Non-Fatal Injury
16898,Non-Fatal Injury
16899,Non-Fatal Injury
16900,Non-Fatal Injury
16901,Non-Fatal Injury
16902,Non-Fatal Injury
16903,Non-Fatal Injury
16904,Non-Fatal Injury
16905,Non-Fatal Injury
16906,Non-Fatal Injury
16907,Non-Fatal Injury
16908,Non-Fatal Injury
16909,Non-Fatal Injury
16910,Non-Fatal Injury
16911,Non-Fatal Injury
16912,Non-Fatal Injury
16913,Non-Fatal Injury
16914,Non-Fatal Injury
16915,Non-Fatal Injury
16916,Non-Fatal Injury
16917,Non-Fatal Injury
16918,Non-Fatal Injury
16919,Non-Fatal Injury
16920,Non-Fatal Injury
16921,Non-Fatal Injury
16922,Non-Fatal Injury
16923,Non-Fatal Injury
16924,Non-Fatal Injury
16925,Non-Fatal Injury
16926,Non-Fatal Injury
16927,Fatal
16928,Fatal
16929,Non-Fatal Injury
16930,Non-Fatal Injury
16931,Non-Fatal Injury
16932,Non-Fatal Injury
16933,Non-Fatal Injury
16934,Non-Fatal Injury
16935,Non-Fatal Injury
16936,Non-Fatal Injury
16937,Non-Fatal Injury
16938,Non-Fatal Injury
16939,Non-Fatal Injury
16940,Non-Fatal Injury
16941,Non-Fatal Injury
16942,Non-Fatal Injury
16943,Non-Fatal Injury
16944,Non-Fatal Injury
16945,Non-Fatal Injury
16946,Non-Fatal Injury
16947,Non-Fatal Injury
16948,Non-Fatal Injury
16949,Non-Fatal Injury
16950,Non-Fatal Injury
16951,Non-Fatal Injury
16952,Non-Fatal Injury
16953,Non-Fatal Injury
16954,Non-Fatal Injury
16955,Non-Fatal Injury
16956,Non-Fatal Injury
16957,Non-Fatal Injury
16958,Non-Fatal Injury
16959,Non-Fatal Injury
16960,Non-Fatal Injury
16961,Non-Fatal Injury
16962,Non-Fatal Injury
16963,Non-Fatal Injury
16964,Non-Fatal Injury
16965,Non-Fatal Injury
16966,Non-Fatal Injury
16967,Non-Fatal Injury
16968,Non-Fatal Injury
16969,Non-Fatal Injury
16970,Non-Fatal Injury
16971,Non-Fatal Injury
16972,Non-Fatal Injury
16973,Non-Fatal Injury
16974,Non-Fatal Injury
16975,Non-Fatal Injury
16976,Non-Fatal Injury
16977,Non-Fatal Injury
16978,Non-Fatal Injury
16979,Non-Fatal Injury
16980,Non-Fatal Injury
16981,Non-Fatal Injury
16982,Non-Fatal Injury
16983,Non-Fatal Injury
16984,Non-Fatal Injury
16985,Non-Fatal Injury
16986,Non-Fatal Injury
16987,Non-Fatal Injury
16988,Non-Fatal Injury
16989,Non-Fatal Injury
16990,Non-Fatal Injury
16991,Non-Fatal Injury
16992,Non-Fatal Injury
16993,Non-Fatal Injury
16994,Non-Fatal Injury
16995,Non-Fatal Injury
16996,Non-Fatal Injury
16997,Non-Fatal Injury
16998,Non-Fatal Injury
16999,Non-Fatal Injury
17000,Non-Fatal Injury
17001,Non-Fatal Injury
17002,Non-Fatal Injury
17003,Non-Fatal Injury
17004,Non-Fatal Injury
17005,Non-Fatal Injury
17006,Non-Fatal Injury
17007,Fatal
17008,Non-Fatal Injury
17009,Non-Fatal Injury
17010,Non-Fatal Injury
17011,Non-Fatal Injury
17012,Non-Fatal Injury
17013,Non-Fatal Injury
17014,Non-Fatal Injury
17015,Non-Fatal Injury
17016,Non-Fatal Injury
17017,Non-Fatal Injury
17018,Non-Fatal Injury
17019,Non-Fatal Injury
17020,Non-Fatal Injury
17021,Non-Fatal Injury
17022,Non-Fatal Injury
17023,Non-Fatal Injury
17024,Non-Fatal Injury
17025,Non-Fatal Injury
17026,Non-Fatal Injury
17027,Non-Fatal Injury
17028,Non-Fatal Injury
17029,Non-Fatal Injury
17030,Non-Fatal Injury
17031,Non-Fatal Injury
17032,Non-Fatal Injury
17033,Non-Fatal Injury
17034,Non-Fatal Injury
17035,Non-Fatal Injury
17036,Non-Fatal Injury
17037,Non-Fatal Injury
17038,Non-Fatal Injury
17039,Non-Fatal Injury
17040,Non-Fatal Injury
17041,Non-Fatal Injury
17042,Non-Fatal Injury
17043,Non-Fatal Injury
17044,Non-Fatal Injury
17045,Non-Fatal Injury
17046,Non-Fatal Injury
17047,Non-Fatal Injury
17048,Non-Fatal Injury
17049,Non-Fatal Injury
17050,Non-Fatal Injury
17051,Non-Fatal Injury
17052,Non-Fatal Injury
17053,Non-Fatal Injury
17054,Non-Fatal Injury
17055,Non-Fatal Injury
17056,Non-Fatal Injury
17057,Fatal
17058,Non-Fatal Injury
17059,Non-Fatal Injury
17060,Non-Fatal Injury
17061,Non-Fatal Injury
17062,Non-Fatal Injury
17063,Non-Fatal Injury
17064,Non-Fatal Injury
17065,Non-Fatal Injury
17066,Non-Fatal Injury
17067,Non-Fatal Injury
17068,Non-Fatal Injury
17069,Non-Fatal Injury
17070,Non-Fatal Injury
17071,Non-Fatal Injury
17072,Non-Fatal Injury
17073,Non-Fatal Injury
17074,Non-Fatal Injury
17075,Non-Fatal Injury
17076,Non-Fatal Injury
17077,Non-Fatal Injury
17078,Non-Fatal Injury
17079,Non-Fatal Injury
17080,Non-Fatal Injury
17081,Non-Fatal Injury
17082,Non-Fatal Injury
17083,Non-Fatal Injury
17084,Non-Fatal Injury
17085,Non-Fatal Injury
17086,Non-Fatal Injury
17087,Non-Fatal Injury
17088,Non-Fatal Injury
17089,Non-Fatal Injury
17090,Non-Fatal Injury
17091,Non-Fatal Injury
17092,Non-Fatal Injury
17093,Non-Fatal Injury
17094,Non-Fatal Injury
17095,Non-Fatal Injury
17096,Non-Fatal Injury
17097,Non-Fatal Injury
17098,Non-Fatal Injury
17099,Non-Fatal Injury
17100,Non-Fatal Injury
17101,Non-Fatal Injury
17102,Non-Fatal Injury
17103,Non-Fatal Injury
17104,Non-Fatal Injury
17105,Non-Fatal Injury
17106,Non-Fatal Injury
17107,Non-Fatal Injury
17108,Non-Fatal Injury
17109,Non-Fatal Injury
17110,Non-Fatal Injury
17111,Non-Fatal Injury
17112,Non-Fatal Injury
17113,Non-Fatal Injury
17114,Non-Fatal Injury
17115,Non-Fatal Injury
17116,Non-Fatal Injury
17117,Non-Fatal Injury
17118,Non-Fatal Injury
17119,Non-Fatal Injury
17120,Non-Fatal Injury
17121,Non-Fatal Injury
17122,Non-Fatal Injury
17123,Non-Fatal Injury
17124,Non-Fatal Injury
17125,Non-Fatal Injury
17126,Non-Fatal Injury
17127,Non-Fatal Injury
17128,Non-Fatal Injury
17129,Non-Fatal Injury
17130,Fatal
17131,Fatal
17132,Non-Fatal Injury
17133,Non-Fatal Injury
17134,Non-Fatal Injury
17135,Non-Fatal Injury
17136,Non-Fatal Injury
17137,Non-Fatal Injury
17138,Non-Fatal Injury
17139,Non-Fatal Injury
17140,Non-Fatal Injury
17141,Non-Fatal Injury
17142,Non-Fatal Injury
17143,Non-Fatal Injury
17144,Non-Fatal Injury
17145,Non-Fatal Injury
17146,Non-Fatal Injury
17147,Non-Fatal Injury
17148,Non-Fatal Injury
17149,Non-Fatal Injury
17150,Non-Fatal Injury
17151,Non-Fatal Injury
17152,Non-Fatal Injury
17153,Non-Fatal Injury
17154,Non-Fatal Injury
17155,Non-Fatal Injury
17156,Non-Fatal Injury
17157,Non-Fatal Injury
17158,Non-Fatal Injury
17159,Non-Fatal Injury
17160,Non-Fatal Injury
17161,Non-Fatal Injury
17162,Non-Fatal Injury
17163,Non-Fatal Injury
17164,Non-Fatal Injury
17165,Non-Fatal Injury
17166,Non-Fatal Injury
17167,Non-Fatal Injury
17168,Non-Fatal Injury
17169,Non-Fatal Injury
17170,Non-Fatal Injury
17171,Fatal
17172,Fatal
17173,Non-Fatal Injury
17174,Non-Fatal Injury
17175,Non-Fatal Injury
17176,Non-Fatal Injury
17177,Non-Fatal Injury
17178,Non-Fatal Injury
17179,Non-Fatal Injury
17180,Non-Fatal Injury
17181,Non-Fatal Injury
17182,Non-Fatal Injury
17183,Non-Fatal Injury
17184,Non-Fatal Injury
17185,Non-Fatal Injury
17186,Non-Fatal Injury
17187,Non-Fatal Injury
17188,Non-Fatal Injury
17189,Non-Fatal Injury
17190,Non-Fatal Injury
17191,Non-Fatal Injury
17192,Non-Fatal Injury
17193,Non-Fatal Injury
17194,Non-Fatal Injury
17195,Non-Fatal Injury
17196,Non-Fatal Injury
17197,Non-Fatal Injury
17198,Non-Fatal Injury
17199,Non-Fatal Injury
17200,Non-Fatal Injury
17201,Non-Fatal Injury
17202,Non-Fatal Injury
17203,Non-Fatal Injury
17204,Non-Fatal Injury
17205,Non-Fatal Injury
17206,Non-Fatal Injury
17207,Non-Fatal Injury
17208,Non-Fatal Injury
17209,Non-Fatal Injury
17210,Non-Fatal Injury
17211,Non-Fatal Injury
17212,Non-Fatal Injury
17213,Non-Fatal Injury
17214,Non-Fatal Injury
17215,Non-Fatal Injury
17216,Non-Fatal Injury
17217,Non-Fatal Injury
17218,Non-Fatal Injury
17219,Non-Fatal Injury
17220,Non-Fatal Injury
17221,Non-Fatal Injury
17222,Non-Fatal Injury
17223,Non-Fatal Injury
17224,Non-Fatal Injury
17225,Non-Fatal Injury
17226,Non-Fatal Injury
17227,Non-Fatal Injury
17228,Non-Fatal Injury
17229,Non-Fatal Injury
17230,Non-Fatal Injury
17231,Non-Fatal Injury
17232,Non-Fatal Injury
17233,Non-Fatal Injury
17234,Non-Fatal Injury
17235,Non-Fatal Injury
17236,Non-Fatal Injury
17237,Non-Fatal Injury
17238,Non-Fatal Injury
17239,Non-Fatal Injury
17240,Non-Fatal Injury
17241,Non-Fatal Injury
17242,Non-Fatal Injury
17243,Non-Fatal Injury
17244,Non-Fatal Injury
17245,Non-Fatal Injury
17246,Non-Fatal Injury
17247,Non-Fatal Injury
17248,Non-Fatal Injury
17249,Non-Fatal Injury
17250,Non-Fatal Injury
17251,Non-Fatal Injury
17252,Non-Fatal Injury
17253,Non-Fatal Injury
17254,Non-Fatal Injury
17255,Non-Fatal Injury
17256,Non-Fatal Injury
17257,Non-Fatal Injury
17258,Non-Fatal Injury
17259,Non-Fatal Injury
17260,Non-Fatal Injury
17261,Non-Fatal Injury
17262,Non-Fatal Injury
17263,Non-Fatal Injury
17264,Non-Fatal Injury
17265,Non-Fatal Injury
17266,Non-Fatal Injury
17267,Non-Fatal Injury
17268,Non-Fatal Injury
17269,Non-Fatal Injury
17270,Non-Fatal Injury
17271,Non-Fatal Injury
17272,Non-Fatal Injury
17273,Non-Fatal Injury
17274,Non-Fatal Injury
17275,Non-Fatal Injury
17276,Non-Fatal Injury
17277,Non-Fatal Injury
17278,Non-Fatal Injury
17279,Non-Fatal Injury
17280,Non-Fatal Injury
17281,Non-Fatal Injury
17282,Non-Fatal Injury
17283,Non-Fatal Injury
17284,Non-Fatal Injury
17285,Non-Fatal Injury
17286,Non-Fatal Injury
17287,Non-Fatal Injury
17288,Non-Fatal Injury
17289,Non-Fatal Injury
17290,Non-Fatal Injury
17291,Non-Fatal Injury
17292,Non-Fatal Injury
17293,Non-Fatal Injury
17294,Non-Fatal Injury
17295,Non-Fatal Injury
17296,Non-Fatal Injury
17297,Non-Fatal Injury
17298,Non-Fatal Injury
17299,Non-Fatal Injury
17300,Non-Fatal Injury
17301,Non-Fatal Injury
17302,Non-Fatal Injury
17303,Non-Fatal Injury
17304,Non-Fatal Injury
17305,Non-Fatal Injury
17306,Non-Fatal Injury
17307,Non-Fatal Injury
17308,Fatal
17309,Non-Fatal Injury
17310,Non-Fatal Injury
17311,Non-Fatal Injury
17312,Non-Fatal Injury
17313,Non-Fatal Injury
17314,Non-Fatal Injury
17315,Non-Fatal Injury
17316,Non-Fatal Injury
17317,Non-Fatal Injury
17318,Non-Fatal Injury
17319,Non-Fatal Injury
17320,Non-Fatal Injury
17321,Non-Fatal Injury
17322,Non-Fatal Injury
17323,Non-Fatal Injury
17324,Non-Fatal Injury
17325,Non-Fatal Injury
17326,Non-Fatal Injury
17327,Non-Fatal Injury
17328,Non-Fatal Injury
17329,Non-Fatal Injury
17330,Non-Fatal Injury
17331,Non-Fatal Injury
17332,Non-Fatal Injury
17333,Non-Fatal Injury
17334,Non-Fatal Injury
17335,Non-Fatal Injury
17336,Non-Fatal Injury
17337,Non-Fatal Injury
17338,Non-Fatal Injury
17339,Non-Fatal Injury
17340,Non-Fatal Injury
17341,Non-Fatal Injury
17342,Non-Fatal Injury
17343,Non-Fatal Injury
17344,Non-Fatal Injury
17345,Non-Fatal Injury
17346,Non-Fatal Injury
17347,Non-Fatal Injury
17348,Non-Fatal Injury
17349,Non-Fatal Injury
17350,Non-Fatal Injury
17351,Non-Fatal Injury
17352,Non-Fatal Injury
17353,Non-Fatal Injury
17354,Non-Fatal Injury
17355,Non-Fatal Injury
17356,Non-Fatal Injury
17357,Non-Fatal Injury
17358,Non-Fatal Injury
17359,Non-Fatal Injury
17360,Non-Fatal Injury
17361,Non-Fatal Injury
17362,Non-Fatal Injury
17363,Non-Fatal Injury
17364,Non-Fatal Injury
17365,Non-Fatal Injury
17366,Non-Fatal Injury
17367,Non-Fatal Injury
17368,Non-Fatal Injury
17369,Non-Fatal Injury
17370,Non-Fatal Injury
17371,Non-Fatal Injury
17372,Non-Fatal Injury
17373,Non-Fatal Injury
17374,Non-Fatal Injury
17375,Non-Fatal Injury
17376,Non-Fatal Injury
17377,Non-Fatal Injury
17378,Non-Fatal Injury
17379,Non-Fatal Injury
17380,Non-Fatal Injury
17381,Non-Fatal Injury
17382,Non-Fatal Injury
17383,Non-Fatal Injury
17384,Non-Fatal Injury
17385,Non-Fatal Injury
17386,Non-Fatal Injury
17387,Non-Fatal Injury
17388,Non-Fatal Injury
17389,Non-Fatal Injury
17390,Non-Fatal Injury
17391,Non-Fatal Injury
17392,Non-Fatal Injury
17393,Non-Fatal Injury
17394,Non-Fatal Injury
17395,Non-Fatal Injury
17396,Non-Fatal Injury
17397,Non-Fatal Injury
17398,Non-Fatal Injury
17399,Non-Fatal Injury
17400,Non-Fatal Injury
17401,Non-Fatal Injury
17402,Non-Fatal Injury
17403,Non-Fatal Injury
17404,Non-Fatal Injury
17405,Non-Fatal Injury
17406,Non-Fatal Injury
17407,Non-Fatal Injury
17408,Non-Fatal Injury
17409,Non-Fatal Injury
17410,Non-Fatal Injury
17411,Non-Fatal Injury
17412,Non-Fatal Injury
17413,Non-Fatal Injury
17414,Non-Fatal Injury
17415,Non-Fatal Injury
17416,Non-Fatal Injury
17417,Non-Fatal Injury
17418,Non-Fatal Injury
17419,Non-Fatal Injury
17420,Non-Fatal Injury
17421,Non-Fatal Injury
17422,Non-Fatal Injury
17423,Non-Fatal Injury
17424,Non-Fatal Injury
17425,Non-Fatal Injury
17426,Non-Fatal Injury
17427,Non-Fatal Injury
17428,Non-Fatal Injury
17429,Non-Fatal Injury
17430,Non-Fatal Injury
17431,Non-Fatal Injury
17432,Non-Fatal Injury
17433,Non-Fatal Injury
17434,Non-Fatal Injury
17435,Non-Fatal Injury
17436,Non-Fatal Injury
17437,Non-Fatal Injury
17438,Non-Fatal Injury
17439,Non-Fatal Injury
17440,Non-Fatal Injury
17441,Non-Fatal Injury
17442,Non-Fatal Injury
17443,Non-Fatal Injury
17444,Non-Fatal Injury
17445,Non-Fatal Injury
17446,Non-Fatal Injury
17447,Non-Fatal Injury
17448,Non-Fatal Injury
17449,Non-Fatal Injury
17450,Non-Fatal Injury
17451,Non-Fatal Injury
17452,Non-Fatal Injury
17453,Non-Fatal Injury
17454,Non-Fatal Injury
17455,Non-Fatal Injury
17456,Non-Fatal Injury
17457,Non-Fatal Injury
17458,Non-Fatal Injury
17459,Non-Fatal Injury
17460,Non-Fatal Injury
17461,Non-Fatal Injury
17462,Non-Fatal Injury
17463,Non-Fatal Injury
17464,Non-Fatal Injury
17465,Non-Fatal Injury
17466,Non-Fatal Injury
17467,Non-Fatal Injury
17468,Non-Fatal Injury
17469,Non-Fatal Injury
17470,Non-Fatal Injury
17471,Non-Fatal Injury
17472,Non-Fatal Injury
17473,Non-Fatal Injury
17474,Non-Fatal Injury
17475,Non-Fatal Injury
17476,Non-Fatal Injury
17477,Non-Fatal Injury
17478,Non-Fatal Injury
17479,Non-Fatal Injury
17480,Fatal
17481,Fatal
17482,Non-Fatal Injury
17483,Non-Fatal Injury
17484,Non-Fatal Injury
17485,Non-Fatal Injury
17486,Non-Fatal Injury
17487,Non-Fatal Injury
17488,Non-Fatal Injury
17489,Non-Fatal Injury
17490,Non-Fatal Injury
17491,Non-Fatal Injury
17492,Non-Fatal Injury
17493,Non-Fatal Injury
17494,Non-Fatal Injury
17495,Non-Fatal Injury
17496,Non-Fatal Injury
17497,Non-Fatal Injury
17498,Non-Fatal Injury
17499,Non-Fatal Injury
17500,Non-Fatal Injury
17501,Non-Fatal Injury
17502,Fatal
17503,Non-Fatal Injury
17504,Non-Fatal Injury
17505,Non-Fatal Injury
17506,Non-Fatal Injury
17507,Non-Fatal Injury
17508,Non-Fatal Injury
17509,Non-Fatal Injury
17510,Non-Fatal Injury
17511,Non-Fatal Injury
17512,Non-Fatal Injury
17513,Non-Fatal Injury
17514,Non-Fatal Injury
17515,Non-Fatal Injury
17516,Non-Fatal Injury
17517,Non-Fatal Injury
17518,Non-Fatal Injury
17519,Non-Fatal Injury
17520,Non-Fatal Injury
17521,Non-Fatal Injury
17522,Non-Fatal Injury
17523,Non-Fatal Injury
17524,Non-Fatal Injury
17525,Non-Fatal Injury
17526,Non-Fatal Injury
17527,Non-Fatal Injury
17528,Non-Fatal Injury
17529,Non-Fatal Injury
17530,Non-Fatal Injury
17531,Non-Fatal Injury
17532,Non-Fatal Injury
17533,Non-Fatal Injury
17534,Non-Fatal Injury
17535,Non-Fatal Injury
17536,Non-Fatal Injury
17537,Non-Fatal Injury
17538,Non-Fatal Injury
17539,Non-Fatal Injury
17540,Non-Fatal Injury
17541,Non-Fatal Injury
17542,Non-Fatal Injury
17543,Non-Fatal Injury
17544,Non-Fatal Injury
17545,Non-Fatal Injury
17546,Non-Fatal Injury
17547,Non-Fatal Injury
17548,Non-Fatal Injury
17549,Non-Fatal Injury
17550,Non-Fatal Injury
17551,Non-Fatal Injury
17552,Non-Fatal Injury
17553,Non-Fatal Injury
17554,Non-Fatal Injury
17555,Non-Fatal Injury
17556,Non-Fatal Injury
17557,Non-Fatal Injury
17558,Non-Fatal Injury
17559,Non-Fatal Injury
17560,Non-Fatal Injury
17561,Non-Fatal Injury
17562,Non-Fatal Injury
17563,Non-Fatal Injury
17564,Non-Fatal Injury
17565,Non-Fatal Injury
17566,Non-Fatal Injury
17567,Non-Fatal Injury
17568,Non-Fatal Injury
17569,Non-Fatal Injury
17570,Non-Fatal Injury
17571,Non-Fatal Injury
17572,Non-Fatal Injury
17573,Non-Fatal Injury
17574,Non-Fatal Injury
17575,Non-Fatal Injury
17576,Non-Fatal Injury
17577,Non-Fatal Injury
17578,Non-Fatal Injury
17579,Non-Fatal Injury
17580,Non-Fatal Injury
17581,Non-Fatal Injury
17582,Non-Fatal Injury
17583,Non-Fatal Injury
17584,Non-Fatal Injury
17585,Non-Fatal Injury
17586,Non-Fatal Injury
17587,Non-Fatal Injury
17588,Non-Fatal Injury
17589,Non-Fatal Injury
17590,Non-Fatal Injury
17591,Non-Fatal Injury
17592,Non-Fatal Injury
17593,Non-Fatal Injury
17594,Non-Fatal Injury
17595,Non-Fatal Injury
17596,Non-Fatal Injury
17597,Non-Fatal Injury
17598,Non-Fatal Injury
17599,Non-Fatal Injury
17600,Non-Fatal Injury
17601,Non-Fatal Injury
17602,Non-Fatal Injury
17603,Non-Fatal Injury
17604,Non-Fatal Injury
17605,Non-Fatal Injury
17606,Non-Fatal Injury
17607,Non-Fatal Injury
17608,Non-Fatal Injury
17609,Non-Fatal Injury
17610,Non-Fatal Injury
17611,Non-Fatal Injury
17612,Non-Fatal Injury
17613,Non-Fatal Injury
17614,Non-Fatal Injury
17615,Non-Fatal Injury
17616,Non-Fatal Injury
17617,Non-Fatal Injury
17618,Non-Fatal Injury
17619,Non-Fatal Injury
17620,Non-Fatal Injury
17621,Non-Fatal Injury
17622,Non-Fatal Injury
17623,Non-Fatal Injury
17624,Non-Fatal Injury
17625,Non-Fatal Injury
17626,Non-Fatal Injury
17627,Non-Fatal Injury
17628,Non-Fatal Injury
17629,Non-Fatal Injury
17630,Non-Fatal Injury
17631,Non-Fatal Injury
17632,Non-Fatal Injury
17633,Non-Fatal Injury
17634,Non-Fatal Injury
17635,Non-Fatal Injury
17636,Non-Fatal Injury
17637,Non-Fatal Injury
17638,Non-Fatal Injury
17639,Non-Fatal Injury
17640,Non-Fatal Injury
17641,Non-Fatal Injury
17642,Non-Fatal Injury
17643,Non-Fatal Injury
17644,Non-Fatal Injury
17645,Non-Fatal Injury
17646,Non-Fatal Injury
17647,Non-Fatal Injury
17648,Non-Fatal Injury
17649,Non-Fatal Injury
17650,Non-Fatal Injury
17651,Non-Fatal Injury
17652,Non-Fatal Injury
17653,Non-Fatal Injury
17654,Non-Fatal Injury
17655,Non-Fatal Injury
17656,Non-Fatal Injury
17657,Non-Fatal Injury
17658,Non-Fatal Injury
17659,Non-Fatal Injury
17660,Non-Fatal Injury
17661,Non-Fatal Injury
17662,Non-Fatal Injury
17663,Non-Fatal Injury
17664,Non-Fatal Injury
17665,Non-Fatal Injury
17666,Non-Fatal Injury
17667,Non-Fatal Injury
17668,Non-Fatal Injury
17669,Non-Fatal Injury
17670,Non-Fatal Injury
17671,Non-Fatal Injury
17672,Non-Fatal Injury
17673,Non-Fatal Injury
17674,Non-Fatal Injury
17675,Non-Fatal Injury
17676,Non-Fatal Injury
17677,Non-Fatal Injury
17678,Non-Fatal Injury
17679,Non-Fatal Injury
17680,Non-Fatal Injury
17681,Non-Fatal Injury
17682,Non-Fatal Injury
17683,Non-Fatal Injury
17684,Non-Fatal Injury
17685,Non-Fatal Injury
17686,Non-Fatal Injury
17687,Non-Fatal Injury
17688,Non-Fatal Injury
17689,Non-Fatal Injury
17690,Non-Fatal Injury
17691,Non-Fatal Injury
17692,Non-Fatal Injury
17693,Non-Fatal Injury
17694,Non-Fatal Injury
17695,Non-Fatal Injury
17696,Non-Fatal Injury
17697,Non-Fatal Injury
17698,Non-Fatal Injury
17699,Non-Fatal Injury
17700,Non-Fatal Injury
17701,Non-Fatal Injury
17702,Non-Fatal Injury
17703,Non-Fatal Injury
17704,Non-Fatal Injury
17705,Non-Fatal Injury
17706,Non-Fatal Injury
17707,Non-Fatal Injury
17708,Non-Fatal Injury
17709,Non-Fatal Injury
17710,Non-Fatal Injury
17711,Non-Fatal Injury
17712,Non-Fatal Injury
17713,Non-Fatal Injury
17714,Non-Fatal Injury
17715,Non-Fatal Injury
17716,Non-Fatal Injury
17717,Non-Fatal Injury
17718,Non-Fatal Injury
17719,Non-Fatal Injury
17720,Non-Fatal Injury
17721,Non-Fatal Injury
17722,Non-Fatal Injury
17723,Non-Fatal Injury
17724,Non-Fatal Injury
17725,Non-Fatal Injury
17726,Non-Fatal Injury
17727,Non-Fatal Injury
17728,Non-Fatal Injury
17729,Non-Fatal Injury
17730,Non-Fatal Injury
17731,Non-Fatal Injury
17732,Non-Fatal Injury
17733,Non-Fatal Injury
17734,Non-Fatal Injury
17735,Non-Fatal Injury
17736,Non-Fatal Injury
17737,Non-Fatal Injury
17738,Non-Fatal Injury
17739,Non-Fatal Injury
17740,Non-Fatal Injury
17741,Non-Fatal Injury
17742,Non-Fatal Injury
17743,Non-Fatal Injury
17744,Non-Fatal Injury
17745,Non-Fatal Injury
17746,Non-Fatal Injury
17747,Non-Fatal Injury
17748,Non-Fatal Injury
17749,Fatal
17750,Non-Fatal Injury
17751,Non-Fatal Injury
17752,Non-Fatal Injury
17753,Non-Fatal Injury
17754,Non-Fatal Injury
17755,Non-Fatal Injury
17756,Non-Fatal Injury
17757,Non-Fatal Injury
17758,Non-Fatal Injury
17759,Non-Fatal Injury
17760,Non-Fatal Injury
17761,Non-Fatal Injury
17762,Fatal
17763,Non-Fatal Injury
17764,Non-Fatal Injury
17765,Non-Fatal Injury
17766,Non-Fatal Injury
17767,Non-Fatal Injury
17768,Non-Fatal Injury
17769,Non-Fatal Injury
17770,Non-Fatal Injury
17771,Non-Fatal Injury
17772,Non-Fatal Injury
17773,Non-Fatal Injury
17774,Non-Fatal Injury
17775,Non-Fatal Injury
17776,Non-Fatal Injury
17777,Non-Fatal Injury
17778,Non-Fatal Injury
17779,Non-Fatal Injury
17780,Non-Fatal Injury
17781,Non-Fatal Injury
17782,Non-Fatal Injury
17783,Non-Fatal Injury
17784,Non-Fatal Injury
17785,Non-Fatal Injury
17786,Non-Fatal Injury
17787,Non-Fatal Injury
17788,Non-Fatal Injury
17789,Non-Fatal Injury
17790,Non-Fatal Injury
17791,Non-Fatal Injury
17792,Non-Fatal Injury
17793,Non-Fatal Injury
17794,Non-Fatal Injury
17795,Non-Fatal Injury
17796,Non-Fatal Injury
17797,Non-Fatal Injury
17798,Non-Fatal Injury
17799,Non-Fatal Injury
17800,Non-Fatal Injury
17801,Non-Fatal Injury
17802,Non-Fatal Injury
17803,Non-Fatal Injury
17804,Non-Fatal Injury
17805,Non-Fatal Injury
17806,Non-Fatal Injury
17807,Non-Fatal Injury
17808,Non-Fatal Injury
17809,Non-Fatal Injury
17810,Non-Fatal Injury
17811,Non-Fatal Injury
17812,Non-Fatal Injury
17813,Non-Fatal Injury
17814,Non-Fatal Injury
17815,Fatal
17816,Non-Fatal Injury
17817,Non-Fatal Injury
17818,Non-Fatal Injury
17819,Non-Fatal Injury
17820,Non-Fatal Injury
17821,Non-Fatal Injury
17822,Non-Fatal Injury
17823,Non-Fatal Injury
17824,Non-Fatal Injury
17825,Non-Fatal Injury
17826,Non-Fatal Injury
17827,Non-Fatal Injury
17828,Non-Fatal Injury
17829,Non-Fatal Injury
17830,Non-Fatal Injury
17831,Non-Fatal Injury
17832,Non-Fatal Injury
17833,Non-Fatal Injury
17834,Non-Fatal Injury
17835,Non-Fatal Injury
17836,Non-Fatal Injury
17837,Non-Fatal Injury
17838,Non-Fatal Injury
17839,Non-Fatal Injury
17840,Non-Fatal Injury
17841,Non-Fatal Injury
17842,Non-Fatal Injury
17843,Non-Fatal Injury
17844,Non-Fatal Injury
17845,Non-Fatal Injury
17846,Non-Fatal Injury
17847,Non-Fatal Injury
17848,Non-Fatal Injury
17849,Non-Fatal Injury
17850,Non-Fatal Injury
17851,Non-Fatal Injury
17852,Non-Fatal Injury
17853,Non-Fatal Injury
17854,Non-Fatal Injury
17855,Non-Fatal Injury
17856,Non-Fatal Injury
17857,Non-Fatal Injury
17858,Non-Fatal Injury
17859,Non-Fatal Injury
17860,Non-Fatal Injury
17861,Non-Fatal Injury
17862,Non-Fatal Injury
17863,Non-Fatal Injury
17864,Non-Fatal Injury
17865,Non-Fatal Injury
17866,Non-Fatal Injury
17867,Non-Fatal Injury
17868,Non-Fatal Injury
17869,Non-Fatal Injury
17870,Non-Fatal Injury
17871,Non-Fatal Injury
17872,Non-Fatal Injury
17873,Non-Fatal Injury
17874,Non-Fatal Injury
17875,Non-Fatal Injury
17876,Non-Fatal Injury
17877,Non-Fatal Injury
17878,Non-Fatal Injury
17879,Non-Fatal Injury
17880,Non-Fatal Injury
17881,Non-Fatal Injury
17882,Non-Fatal Injury
17883,Non-Fatal Injury
17884,Non-Fatal Injury
17885,Non-Fatal Injury
17886,Non-Fatal Injury
17887,Non-Fatal Injury
17888,Non-Fatal Injury
17889,Non-Fatal Injury
17890,Non-Fatal Injury
17891,Non-Fatal Injury
17892,Non-Fatal Injury
17893,Non-Fatal Injury
17894,Non-Fatal Injury
17895,Non-Fatal Injury
17896,Non-Fatal Injury
17897,Non-Fatal Injury
17898,Non-Fatal Injury
17899,Non-Fatal Injury
17900,Non-Fatal Injury
17901,Non-Fatal Injury
17902,Non-Fatal Injury
17903,Non-Fatal Injury
17904,Non-Fatal Injury
17905,Non-Fatal Injury
17906,Non-Fatal Injury
17907,Non-Fatal Injury
17908,Non-Fatal Injury
17909,Non-Fatal Injury
17910,Non-Fatal Injury
17911,Non-Fatal Injury
17912,Non-Fatal Injury
17913,Non-Fatal Injury
17914,Non-Fatal Injury
17915,Non-Fatal Injury
17916,Non-Fatal Injury
17917,Non-Fatal Injury
17918,Non-Fatal Injury
17919,Non-Fatal Injury
17920,Non-Fatal Injury
17921,Non-Fatal Injury
17922,Non-Fatal Injury
17923,Non-Fatal Injury
17924,Non-Fatal Injury
17925,Non-Fatal Injury
17926,Non-Fatal Injury
17927,Non-Fatal Injury
17928,Non-Fatal Injury
17929,Non-Fatal Injury
17930,Non-Fatal Injury
17931,Non-Fatal Injury
17932,Non-Fatal Injury
17933,Non-Fatal Injury
17934,Non-Fatal Injury
17935,Non-Fatal Injury
17936,Non-Fatal Injury
17937,Non-Fatal Injury
17938,Non-Fatal Injury
17939,Non-Fatal Injury
17940,Non-Fatal Injury
17941,Non-Fatal Injury
17942,Non-Fatal Injury
17943,Non-Fatal Injury
17944,Fatal
17945,Fatal
17946,Fatal
17947,Fatal
17948,Non-Fatal Injury
17949,Non-Fatal Injury
17950,Non-Fatal Injury
17951,Non-Fatal Injury
17952,Non-Fatal Injury
17953,Non-Fatal Injury
17954,Non-Fatal Injury
17955,Non-Fatal Injury
17956,Non-Fatal Injury
17957,Non-Fatal Injury
17958,Non-Fatal Injury
17959,Non-Fatal Injury
17960,Non-Fatal Injury
17961,Non-Fatal Injury
17962,Non-Fatal Injury
17963,Non-Fatal Injury
17964,Non-Fatal Injury
17965,Non-Fatal Injury
17966,Non-Fatal Injury
17967,Non-Fatal Injury
17968,Non-Fatal Injury
17969,Non-Fatal Injury
17970,Non-Fatal Injury
17971,Non-Fatal Injury
17972,Non-Fatal Injury
17973,Non-Fatal Injury
17974,Non-Fatal Injury
17975,Non-Fatal Injury
17976,Non-Fatal Injury
17977,Non-Fatal Injury
17978,Non-Fatal Injury
17979,Non-Fatal Injury
17980,Non-Fatal Injury
17981,Non-Fatal Injury
17982,Non-Fatal Injury
17983,Non-Fatal Injury
17984,Non-Fatal Injury
17985,Non-Fatal Injury
17986,Non-Fatal Injury
17987,Non-Fatal Injury
17988,Non-Fatal Injury
17989,Non-Fatal Injury
17990,Non-Fatal Injury
17991,Non-Fatal Injury
17992,Non-Fatal Injury
17993,Non-Fatal Injury
17994,Non-Fatal Injury
17995,Non-Fatal Injury
17996,Non-Fatal Injury
17997,Non-Fatal Injury
17998,Non-Fatal Injury
17999,Non-Fatal Injury
18000,Non-Fatal Injury
18001,Non-Fatal Injury
18002,Non-Fatal Injury
18003,Non-Fatal Injury
18004,Non-Fatal Injury
18005,Non-Fatal Injury
18006,Non-Fatal Injury
18007,Non-Fatal Injury
18008,Non-Fatal Injury
18009,Non-Fatal Injury
18010,Non-Fatal Injury
18011,Non-Fatal Injury
18012,Non-Fatal Injury
18013,Non-Fatal Injury
18014,Non-Fatal Injury
18015,Non-Fatal Injury
18016,Non-Fatal Injury
18017,Non-Fatal Injury
18018,Non-Fatal Injury
18019,Non-Fatal Injury
18020,Non-Fatal Injury
18021,Non-Fatal Injury
18022,Non-Fatal Injury
18023,Non-Fatal Injury
18024,Non-Fatal Injury
18025,Non-Fatal Injury
18026,Non-Fatal Injury
18027,Non-Fatal Injury
18028,Non-Fatal Injury
18029,Non-Fatal Injury
18030,Non-Fatal Injury
18031,Non-Fatal Injury
18032,Non-Fatal Injury
18033,Non-Fatal Injury
18034,Non-Fatal Injury
18035,Non-Fatal Injury
18036,Non-Fatal Injury
18037,Non-Fatal Injury
18038,Non-Fatal Injury
18039,Non-Fatal Injury
18040,Non-Fatal Injury
18041,Non-Fatal Injury
18042,Non-Fatal Injury
18043,Non-Fatal Injury
18044,Non-Fatal Injury
18045,Non-Fatal Injury
18046,Non-Fatal Injury
18047,Non-Fatal Injury
18048,Non-Fatal Injury
18049,Non-Fatal Injury
18050,Non-Fatal Injury
18051,Non-Fatal Injury
18052,Non-Fatal Injury
18053,Non-Fatal Injury
18054,Non-Fatal Injury
18055,Fatal
18056,Non-Fatal Injury
18057,Non-Fatal Injury
18058,Non-Fatal Injury
18059,Non-Fatal Injury
18060,Non-Fatal Injury
18061,Non-Fatal Injury
18062,Non-Fatal Injury
18063,Non-Fatal Injury
18064,Non-Fatal Injury
18065,Non-Fatal Injury
18066,Non-Fatal Injury
18067,Non-Fatal Injury
18068,Non-Fatal Injury
18069,Non-Fatal Injury
18070,Non-Fatal Injury
18071,Non-Fatal Injury
18072,Non-Fatal Injury
18073,Non-Fatal Injury
18074,Non-Fatal Injury
18075,Non-Fatal Injury
18076,Non-Fatal Injury
18077,Non-Fatal Injury
18078,Non-Fatal Injury
18079,Non-Fatal Injury
18080,Non-Fatal Injury
18081,Non-Fatal Injury
18082,Non-Fatal Injury
18083,Non-Fatal Injury
18084,Non-Fatal Injury
18085,Non-Fatal Injury
18086,Non-Fatal Injury
18087,Non-Fatal Injury
18088,Non-Fatal Injury
18089,Non-Fatal Injury
18090,Non-Fatal Injury
18091,Non-Fatal Injury
18092,Non-Fatal Injury
18093,Non-Fatal Injury
18094,Non-Fatal Injury
18095,Non-Fatal Injury
18096,Non-Fatal Injury
18097,Non-Fatal Injury
18098,Non-Fatal Injury
18099,Non-Fatal Injury
18100,Non-Fatal Injury
18101,Non-Fatal Injury
18102,Non-Fatal Injury
18103,Non-Fatal Injury
18104,Non-Fatal Injury
18105,Non-Fatal Injury
18106,Non-Fatal Injury
18107,Non-Fatal Injury
18108,Non-Fatal Injury
18109,Non-Fatal Injury
18110,Non-Fatal Injury
18111,Non-Fatal Injury
18112,Fatal
18113,Non-Fatal Injury
18114,Non-Fatal Injury
18115,Non-Fatal Injury
18116,Non-Fatal Injury
18117,Non-Fatal Injury
18118,Non-Fatal Injury
18119,Non-Fatal Injury
18120,Non-Fatal Injury
18121,Non-Fatal Injury
18122,Non-Fatal Injury
18123,Non-Fatal Injury
18124,Non-Fatal Injury
18125,Non-Fatal Injury
18126,Non-Fatal Injury
18127,Non-Fatal Injury
18128,Non-Fatal Injury
18129,Non-Fatal Injury
18130,Non-Fatal Injury
18131,Non-Fatal Injury
18132,Non-Fatal Injury
18133,Non-Fatal Injury
18134,Non-Fatal Injury
18135,Non-Fatal Injury
18136,Non-Fatal Injury
18137,Non-Fatal Injury
18138,Non-Fatal Injury
18139,Non-Fatal Injury
18140,Non-Fatal Injury
18141,Non-Fatal Injury
18142,Non-Fatal Injury
18143,Non-Fatal Injury
18144,Non-Fatal Injury
18145,Non-Fatal Injury
18146,Non-Fatal Injury
18147,Non-Fatal Injury
18148,Non-Fatal Injury
18149,Non-Fatal Injury
18150,Non-Fatal Injury
18151,Non-Fatal Injury
18152,Non-Fatal Injury
18153,Non-Fatal Injury
18154,Non-Fatal Injury
18155,Non-Fatal Injury
18156,Non-Fatal Injury
18157,Non-Fatal Injury
18158,Non-Fatal Injury
18159,Non-Fatal Injury
18160,Non-Fatal Injury
18161,Non-Fatal Injury
18162,Non-Fatal Injury
18163,Non-Fatal Injury
18164,Non-Fatal Injury
18165,Non-Fatal Injury
18166,Non-Fatal Injury
18167,Non-Fatal Injury
18168,Non-Fatal Injury
18169,Non-Fatal Injury
18170,Non-Fatal Injury
18171,Non-Fatal Injury
18172,Non-Fatal Injury
18173,Non-Fatal Injury
18174,Non-Fatal Injury
18175,Non-Fatal Injury
18176,Non-Fatal Injury
18177,Non-Fatal Injury
18178,Non-Fatal Injury
18179,Non-Fatal Injury
18180,Non-Fatal Injury
18181,Non-Fatal Injury
18182,Non-Fatal Injury
18183,Non-Fatal Injury
18184,Non-Fatal Injury
18185,Non-Fatal Injury
18186,Non-Fatal Injury
18187,Non-Fatal Injury
18188,Non-Fatal Injury
18189,Non-Fatal Injury
18190,Non-Fatal Injury
18191,Non-Fatal Injury
18192,Non-Fatal Injury
18193,Non-Fatal Injury
18194,Non-Fatal Injury
18195,Non-Fatal Injury
18196,Non-Fatal Injury
18197,Non-Fatal Injury
18198,Non-Fatal Injury
18199,Non-Fatal Injury
18200,Non-Fatal Injury
18201,Non-Fatal Injury
18202,Non-Fatal Injury
18203,Non-Fatal Injury
18204,Non-Fatal Injury
18205,Non-Fatal Injury
18206,Non-Fatal Injury
18207,Non-Fatal Injury
18208,Non-Fatal Injury
18209,Non-Fatal Injury
18210,Non-Fatal Injury
18211,Non-Fatal Injury
18212,Non-Fatal Injury
18213,Non-Fatal Injury
18214,Non-Fatal Injury
18215,Non-Fatal Injury
18216,Non-Fatal Injury
18217,Non-Fatal Injury
18218,Non-Fatal Injury
18219,Non-Fatal Injury
18220,Non-Fatal Injury
18221,Non-Fatal Injury
18222,Non-Fatal Injury
18223,Non-Fatal Injury
18224,Non-Fatal Injury
18225,Non-Fatal Injury
18226,Non-Fatal Injury
18227,Non-Fatal Injury
18228,Non-Fatal Injury
18229,Non-Fatal Injury
18230,Non-Fatal Injury
18231,Non-Fatal Injury
18232,Non-Fatal Injury
18233,Non-Fatal Injury
18234,Non-Fatal Injury
18235,Non-Fatal Injury
18236,Non-Fatal Injury
18237,Non-Fatal Injury
18238,Non-Fatal Injury
18239,Non-Fatal Injury
18240,Non-Fatal Injury
18241,Non-Fatal Injury
18242,Non-Fatal Injury
18243,Non-Fatal Injury
18244,Non-Fatal Injury
18245,Non-Fatal Injury
18246,Non-Fatal Injury
18247,Non-Fatal Injury
18248,Non-Fatal Injury
18249,Non-Fatal Injury
18250,Non-Fatal Injury
18251,Non-Fatal Injury
18252,Non-Fatal Injury
18253,Non-Fatal Injury
18254,Non-Fatal Injury
18255,Non-Fatal Injury
18256,Non-Fatal Injury
18257,Non-Fatal Injury
18258,Non-Fatal Injury
18259,Non-Fatal Injury
18260,Non-Fatal Injury
18261,Non-Fatal Injury
18262,Non-Fatal Injury
18263,Non-Fatal Injury
18264,Non-Fatal Injury
18265,Non-Fatal Injury
18266,Non-Fatal Injury
18267,Non-Fatal Injury
18268,Non-Fatal Injury
18269,Non-Fatal Injury
18270,Non-Fatal Injury
18271,Non-Fatal Injury
18272,Non-Fatal Injury
18273,Non-Fatal Injury
18274,Non-Fatal Injury
18275,Fatal
18276,Non-Fatal Injury
18277,Non-Fatal Injury
18278,Non-Fatal Injury
18279,Non-Fatal Injury
18280,Non-Fatal Injury
18281,Non-Fatal Injury
18282,Non-Fatal Injury
18283,Non-Fatal Injury
18284,Non-Fatal Injury
18285,Non-Fatal Injury
18286,Non-Fatal Injury
18287,Non-Fatal Injury
18288,Non-Fatal Injury
18289,Non-Fatal Injury
18290,Non-Fatal Injury
18291,Non-Fatal Injury
18292,Non-Fatal Injury
18293,Non-Fatal Injury
18294,Non-Fatal Injury
18295,Non-Fatal Injury
18296,Non-Fatal Injury
18297,Non-Fatal Injury
18298,Non-Fatal Injury
18299,Non-Fatal Injury
18300,Non-Fatal Injury
18301,Non-Fatal Injury
18302,Non-Fatal Injury
18303,Non-Fatal Injury
18304,Non-Fatal Injury
18305,Non-Fatal Injury
18306,Non-Fatal Injury
18307,Non-Fatal Injury
18308,Non-Fatal Injury
18309,Non-Fatal Injury
18310,Non-Fatal Injury
18311,Non-Fatal Injury
18312,Non-Fatal Injury
18313,Non-Fatal Injury
18314,Non-Fatal Injury
18315,Non-Fatal Injury
18316,Non-Fatal Injury
18317,Non-Fatal Injury
18318,Non-Fatal Injury
18319,Non-Fatal Injury
18320,Non-Fatal Injury
18321,Non-Fatal Injury
18322,Non-Fatal Injury
18323,Non-Fatal Injury
18324,Non-Fatal Injury
18325,Non-Fatal Injury
18326,Non-Fatal Injury
18327,Non-Fatal Injury
18328,Non-Fatal Injury
18329,Non-Fatal Injury
18330,Non-Fatal Injury
18331,Non-Fatal Injury
18332,Non-Fatal Injury
18333,Non-Fatal Injury
18334,Non-Fatal Injury
18335,Non-Fatal Injury
18336,Non-Fatal Injury
18337,Non-Fatal Injury
18338,Non-Fatal Injury
18339,Non-Fatal Injury
18340,Non-Fatal Injury
18341,Non-Fatal Injury
18342,Non-Fatal Injury
18343,Non-Fatal Injury
18344,Non-Fatal Injury
18345,Non-Fatal Injury
18346,Non-Fatal Injury
18347,Non-Fatal Injury
18348,Non-Fatal Injury
18349,Non-Fatal Injury
18350,Non-Fatal Injury
18351,Non-Fatal Injury
18352,Non-Fatal Injury
18353,Non-Fatal Injury
18354,Non-Fatal Injury
18355,Non-Fatal Injury
18356,Non-Fatal Injury
18357,Non-Fatal Injury
18358,Non-Fatal Injury
18359,Non-Fatal Injury
18360,Non-Fatal Injury
18361,Non-Fatal Injury
18362,Non-Fatal Injury
18363,Non-Fatal Injury
18364,Non-Fatal Injury
18365,Non-Fatal Injury
18366,Non-Fatal Injury
18367,Non-Fatal Injury
18368,Non-Fatal Injury
18369,Non-Fatal Injury
18370,Non-Fatal Injury
18371,Non-Fatal Injury
18372,Non-Fatal Injury
18373,Non-Fatal Injury
18374,Non-Fatal Injury
18375,Non-Fatal Injury
18376,Non-Fatal Injury
18377,Non-Fatal Injury
18378,Non-Fatal Injury
18379,Non-Fatal Injury
18380,Non-Fatal Injury
18381,Non-Fatal Injury
18382,Non-Fatal Injury
18383,Non-Fatal Injury
18384,Non-Fatal Injury
18385,Non-Fatal Injury
18386,Non-Fatal Injury
18387,Non-Fatal Injury
18388,Non-Fatal Injury
18389,Non-Fatal Injury
18390,Non-Fatal Injury
18391,Non-Fatal Injury
18392,Non-Fatal Injury
18393,Non-Fatal Injury
18394,Non-Fatal Injury
18395,Non-Fatal Injury
18396,Non-Fatal Injury
18397,Non-Fatal Injury
18398,Non-Fatal Injury
18399,Non-Fatal Injury
18400,Non-Fatal Injury
18401,Non-Fatal Injury
18402,Non-Fatal Injury
18403,Non-Fatal Injury
18404,Non-Fatal Injury
18405,Non-Fatal Injury
18406,Non-Fatal Injury
18407,Non-Fatal Injury
18408,Non-Fatal Injury
18409,Non-Fatal Injury
18410,Non-Fatal Injury
18411,Non-Fatal Injury
18412,Non-Fatal Injury
18413,Non-Fatal Injury
18414,Non-Fatal Injury
18415,Non-Fatal Injury
18416,Non-Fatal Injury
18417,Non-Fatal Injury
18418,Non-Fatal Injury
18419,Non-Fatal Injury
18420,Non-Fatal Injury
18421,Non-Fatal Injury
18422,Non-Fatal Injury
18423,Non-Fatal Injury
18424,Non-Fatal Injury
18425,Non-Fatal Injury
18426,Non-Fatal Injury
18427,Non-Fatal Injury
18428,Non-Fatal Injury
18429,Non-Fatal Injury
18430,Non-Fatal Injury
18431,Non-Fatal Injury
18432,Non-Fatal Injury
18433,Non-Fatal Injury
18434,Non-Fatal Injury
18435,Non-Fatal Injury
18436,Non-Fatal Injury
18437,Non-Fatal Injury
18438,Non-Fatal Injury
18439,Non-Fatal Injury
18440,Non-Fatal Injury
18441,Non-Fatal Injury
18442,Non-Fatal Injury
18443,Non-Fatal Injury
18444,Non-Fatal Injury
18445,Non-Fatal Injury
18446,Fatal
18447,Fatal
18448,Non-Fatal Injury
18449,Non-Fatal Injury
18450,Non-Fatal Injury
18451,Non-Fatal Injury
18452,Non-Fatal Injury
18453,Non-Fatal Injury
18454,Non-Fatal Injury
18455,Non-Fatal Injury
18456,Non-Fatal Injury
18457,Non-Fatal Injury
18458,Non-Fatal Injury
18459,Non-Fatal Injury
18460,Non-Fatal Injury
18461,Non-Fatal Injury
18462,Non-Fatal Injury
18463,Non-Fatal Injury
18464,Non-Fatal Injury
18465,Non-Fatal Injury
18466,Non-Fatal Injury
18467,Non-Fatal Injury
18468,Non-Fatal Injury
18469,Non-Fatal Injury
18470,Non-Fatal Injury
18471,Non-Fatal Injury
18472,Non-Fatal Injury
18473,Non-Fatal Injury
18474,Non-Fatal Injury
18475,Non-Fatal Injury
18476,Non-Fatal Injury
18477,Non-Fatal Injury
18478,Non-Fatal Injury
18479,Non-Fatal Injury
18480,Non-Fatal Injury
18481,Non-Fatal Injury
18482,Non-Fatal Injury
18483,Non-Fatal Injury
18484,Non-Fatal Injury
18485,Non-Fatal Injury
18486,Non-Fatal Injury
18487,Non-Fatal Injury
18488,Non-Fatal Injury
18489,Non-Fatal Injury
18490,Non-Fatal Injury
18491,Non-Fatal Injury
18492,Non-Fatal Injury
18493,Non-Fatal Injury
18494,Non-Fatal Injury
18495,Non-Fatal Injury
18496,Non-Fatal Injury
18497,Non-Fatal Injury
18498,Non-Fatal Injury
18499,Non-Fatal Injury
18500,Non-Fatal Injury
18501,Non-Fatal Injury
18502,Non-Fatal Injury
18503,Non-Fatal Injury
18504,Non-Fatal Injury
18505,Non-Fatal Injury
18506,Non-Fatal Injury
18507,Non-Fatal Injury
18508,Non-Fatal Injury
18509,Non-Fatal Injury
18510,Non-Fatal Injury
18511,Non-Fatal Injury
18512,Non-Fatal Injury
18513,Non-Fatal Injury
18514,Non-Fatal Injury
18515,Non-Fatal Injury
18516,Non-Fatal Injury
18517,Non-Fatal Injury
18518,Non-Fatal Injury
18519,Non-Fatal Injury
18520,Non-Fatal Injury
18521,Non-Fatal Injury
18522,Non-Fatal Injury
18523,Non-Fatal Injury
18524,Non-Fatal Injury
18525,Non-Fatal Injury
18526,Non-Fatal Injury
18527,Non-Fatal Injury
18528,Non-Fatal Injury
18529,Non-Fatal Injury
18530,Non-Fatal Injury
18531,Non-Fatal Injury
18532,Non-Fatal Injury
18533,Non-Fatal Injury
18534,Non-Fatal Injury
18535,Non-Fatal Injury
18536,Non-Fatal Injury
18537,Non-Fatal Injury
18538,Non-Fatal Injury
18539,Non-Fatal Injury
18540,Non-Fatal Injury
18541,Non-Fatal Injury
18542,Non-Fatal Injury
18543,Non-Fatal Injury
18544,Non-Fatal Injury
18545,Non-Fatal Injury
18546,Non-Fatal Injury
18547,Non-Fatal Injury
18548,Non-Fatal Injury
18549,Non-Fatal Injury
18550,Non-Fatal Injury
18551,Non-Fatal Injury
18552,Non-Fatal Injury
18553,Non-Fatal Injury
18555,Non-Fatal Injury
18556,Non-Fatal Injury
18557,Non-Fatal Injury
18558,Non-Fatal Injury
18559,Non-Fatal Injury
18560,Non-Fatal Injury
18561,Non-Fatal Injury
18562,Non-Fatal Injury
18563,Non-Fatal Injury
18564,Non-Fatal Injury
18565,Non-Fatal Injury
18566,Non-Fatal Injury
18567,Non-Fatal Injury
18568,Non-Fatal Injury
18569,Non-Fatal Injury
18570,Non-Fatal Injury
18571,Non-Fatal Injury
18572,Non-Fatal Injury
18573,Non-Fatal Injury
18574,Non-Fatal Injury
18575,Non-Fatal Injury
18576,Non-Fatal Injury
18577,Non-Fatal Injury
18578,Non-Fatal Injury
18579,Non-Fatal Injury
18580,Non-Fatal Injury
18581,Non-Fatal Injury
18582,Non-Fatal Injury
18583,Non-Fatal Injury
18584,Non-Fatal Injury
18585,Non-Fatal Injury
18586,Non-Fatal Injury
18587,Non-Fatal Injury
18588,Non-Fatal Injury
18589,Non-Fatal Injury
18590,Non-Fatal Injury
18591,Non-Fatal Injury
18592,Non-Fatal Injury
18593,Non-Fatal Injury
18594,Non-Fatal Injury
18595,Non-Fatal Injury
18596,Non-Fatal Injury
18597,Non-Fatal Injury
18598,Non-Fatal Injury
18599,Non-Fatal Injury
18600,Non-Fatal Injury
18601,Non-Fatal Injury
18602,Non-Fatal Injury
18603,Non-Fatal Injury
18604,Non-Fatal Injury
18605,Non-Fatal Injury
18606,Non-Fatal Injury
18607,Non-Fatal Injury
18608,Non-Fatal Injury
18609,Non-Fatal Injury
18610,Non-Fatal Injury
18611,Non-Fatal Injury
18612,Non-Fatal Injury
18613,Non-Fatal Injury
18614,Non-Fatal Injury
18615,Non-Fatal Injury
18616,Non-Fatal Injury
18617,Non-Fatal Injury
18618,Non-Fatal Injury
18619,Non-Fatal Injury
18620,Non-Fatal Injury
18621,Non-Fatal Injury
18622,Non-Fatal Injury
18623,Non-Fatal Injury
18624,Non-Fatal Injury
18625,Non-Fatal Injury
18626,Non-Fatal Injury
18627,Non-Fatal Injury
18628,Non-Fatal Injury
18629,Non-Fatal Injury
18630,Non-Fatal Injury
18631,Non-Fatal Injury
18632,Non-Fatal Injury
18633,Non-Fatal Injury
18634,Non-Fatal Injury
18635,Non-Fatal Injury
18636,Non-Fatal Injury
18637,Non-Fatal Injury
18638,Non-Fatal Injury
18639,Non-Fatal Injury
18640,Non-Fatal Injury
18641,Non-Fatal Injury
18642,Non-Fatal Injury
18643,Non-Fatal Injury
18644,Non-Fatal Injury
18645,Non-Fatal Injury
18646,Non-Fatal Injury
18647,Non-Fatal Injury
18648,Non-Fatal Injury
18649,Non-Fatal Injury
18650,Non-Fatal Injury
18651,Non-Fatal Injury
18652,Non-Fatal Injury
18653,Non-Fatal Injury
18654,Non-Fatal Injury
18655,Non-Fatal Injury
18656,Non-Fatal Injury
18657,Non-Fatal Injury
18658,Non-Fatal Injury
18659,Non-Fatal Injury
18660,Non-Fatal Injury
18661,Non-Fatal Injury
18662,Non-Fatal Injury
18663,Non-Fatal Injury
18664,Non-Fatal Injury
18665,Non-Fatal Injury
18666,Non-Fatal Injury
18667,Non-Fatal Injury
18668,Non-Fatal Injury
18669,Non-Fatal Injury
18670,Non-Fatal Injury
18671,Non-Fatal Injury
18672,Non-Fatal Injury
18673,Non-Fatal Injury
18674,Non-Fatal Injury
18675,Non-Fatal Injury
18676,Non-Fatal Injury
18677,Non-Fatal Injury
18678,Non-Fatal Injury
18679,Non-Fatal Injury
18680,Non-Fatal Injury
18681,Non-Fatal Injury
18682,Non-Fatal Injury
18683,Non-Fatal Injury
18684,Non-Fatal Injury
18685,Non-Fatal Injury
18686,Non-Fatal Injury
18687,Non-Fatal Injury
18688,Non-Fatal Injury
18689,Non-Fatal Injury
18690,Non-Fatal Injury
18691,Non-Fatal Injury
18692,Non-Fatal Injury
18693,Non-Fatal Injury
18694,Non-Fatal Injury
18695,Non-Fatal Injury
18696,Non-Fatal Injury
18697,Non-Fatal Injury
18698,Non-Fatal Injury
18699,Non-Fatal Injury
18700,Non-Fatal Injury
18701,Non-Fatal Injury
18702,Non-Fatal Injury
18703,Non-Fatal Injury
18704,Non-Fatal Injury
18705,Non-Fatal Injury
18706,Non-Fatal Injury
18707,Non-Fatal Injury
18708,Non-Fatal Injury
18709,Non-Fatal Injury
18710,Non-Fatal Injury
18711,Non-Fatal Injury
18712,Non-Fatal Injury
18713,Non-Fatal Injury
18714,Non-Fatal Injury
18715,Non-Fatal Injury
18716,Non-Fatal Injury
18717,Non-Fatal Injury
18718,Non-Fatal Injury
18719,Non-Fatal Injury
18720,Non-Fatal Injury
18721,Non-Fatal Injury
18722,Non-Fatal Injury
18723,Non-Fatal Injury
18724,Non-Fatal Injury
18725,Non-Fatal Injury
18726,Non-Fatal Injury
18727,Non-Fatal Injury
18728,Non-Fatal Injury
18729,Non-Fatal Injury
18730,Non-Fatal Injury
18731,Non-Fatal Injury
18732,Non-Fatal Injury
18733,Non-Fatal Injury
18734,Non-Fatal Injury
18735,Non-Fatal Injury
18736,Non-Fatal Injury
18737,Non-Fatal Injury
18738,Non-Fatal Injury
18739,Non-Fatal Injury
18740,Non-Fatal Injury
18741,Non-Fatal Injury
18742,Non-Fatal Injury
18743,Non-Fatal Injury
18744,Non-Fatal Injury
18745,Non-Fatal Injury
18746,Non-Fatal Injury
18747,Non-Fatal Injury
18748,Non-Fatal Injury
18749,Non-Fatal Injury
18750,Non-Fatal Injury
18751,Non-Fatal Injury
18752,Non-Fatal Injury
18753,Non-Fatal Injury
18754,Non-Fatal Injury
18755,Non-Fatal Injury
18756,Non-Fatal Injury
18757,Non-Fatal Injury
18758,Non-Fatal Injury
18759,Non-Fatal Injury
18760,Non-Fatal Injury
18761,Non-Fatal Injury
18762,Fatal
18763,Fatal
18764,Non-Fatal Injury
18765,Non-Fatal Injury
18766,Non-Fatal Injury
18767,Non-Fatal Injury
18768,Non-Fatal Injury
18769,Non-Fatal Injury
18770,Non-Fatal Injury
18771,Non-Fatal Injury
18772,Non-Fatal Injury
18773,Non-Fatal Injury
18774,Non-Fatal Injury
18775,Non-Fatal Injury
18776,Non-Fatal Injury
18777,Non-Fatal Injury
18778,Non-Fatal Injury
18779,Non-Fatal Injury
18780,Non-Fatal Injury
18781,Non-Fatal Injury
18782,Non-Fatal Injury
18783,Fatal
18784,Fatal
18785,Fatal
18786,Fatal
18787,Non-Fatal Injury
18788,Non-Fatal Injury
18789,Non-Fatal Injury
18790,Non-Fatal Injury
18791,Non-Fatal Injury
18792,Non-Fatal Injury
18793,Non-Fatal Injury
18794,Non-Fatal Injury
18795,Non-Fatal Injury
18796,Non-Fatal Injury
18797,Non-Fatal Injury
18798,Non-Fatal Injury
18799,Non-Fatal Injury
18800,Non-Fatal Injury
18801,Non-Fatal Injury
18802,Non-Fatal Injury
18803,Non-Fatal Injury
18804,Non-Fatal Injury
18805,Non-Fatal Injury
18806,Non-Fatal Injury
18807,Non-Fatal Injury
18808,Non-Fatal Injury
18809,Non-Fatal Injury
18810,Non-Fatal Injury
18811,Non-Fatal Injury
18812,Non-Fatal Injury
18813,Non-Fatal Injury
18814,Non-Fatal Injury
18815,Non-Fatal Injury
18816,Non-Fatal Injury
18817,Non-Fatal Injury
18818,Non-Fatal Injury
18819,Non-Fatal Injury
18820,Non-Fatal Injury
18821,Non-Fatal Injury
18822,Non-Fatal Injury
18823,Non-Fatal Injury
18824,Non-Fatal Injury
18825,Non-Fatal Injury
18826,Non-Fatal Injury
18827,Non-Fatal Injury
18828,Non-Fatal Injury
18829,Non-Fatal Injury
18830,Non-Fatal Injury
18831,Non-Fatal Injury
18832,Non-Fatal Injury
18833,Non-Fatal Injury
18834,Non-Fatal Injury
18835,Non-Fatal Injury
18836,Non-Fatal Injury
18837,Non-Fatal Injury
18838,Non-Fatal Injury
18839,Non-Fatal Injury
18840,Non-Fatal Injury
18841,Non-Fatal Injury
18842,Non-Fatal Injury
18843,Non-Fatal Injury
18844,Non-Fatal Injury
18845,Non-Fatal Injury
18846,Non-Fatal Injury
18847,Non-Fatal Injury
18848,Non-Fatal Injury
18849,Non-Fatal Injury
18850,Non-Fatal Injury
18851,Non-Fatal Injury
18852,Non-Fatal Injury
18853,Non-Fatal Injury
18854,Non-Fatal Injury
18855,Non-Fatal Injury
18856,Non-Fatal Injury
18857,Non-Fatal Injury
18858,Non-Fatal Injury
18859,Non-Fatal Injury
18860,Non-Fatal Injury
18861,Non-Fatal Injury
18862,Non-Fatal Injury
18863,Non-Fatal Injury
18864,Non-Fatal Injury
18865,Non-Fatal Injury
18866,Non-Fatal Injury
18867,Non-Fatal Injury
18868,Non-Fatal Injury
18869,Non-Fatal Injury
18870,Non-Fatal Injury
18871,Non-Fatal Injury
18872,Non-Fatal Injury
18873,Non-Fatal Injury
18874,Non-Fatal Injury
18875,Non-Fatal Injury
18876,Non-Fatal Injury
18877,Non-Fatal Injury
18878,Non-Fatal Injury
18879,Non-Fatal Injury
18880,Non-Fatal Injury
18881,Non-Fatal Injury
18882,Non-Fatal Injury
18883,Non-Fatal Injury
18884,Non-Fatal Injury
18885,Non-Fatal Injury
18886,Non-Fatal Injury
18887,Non-Fatal Injury
18888,Non-Fatal Injury
18889,Non-Fatal Injury
18890,Non-Fatal Injury
18891,Non-Fatal Injury
18892,Non-Fatal Injury
18893,Non-Fatal Injury
18894,Non-Fatal Injury
18895,Non-Fatal Injury
18896,Non-Fatal Injury
18897,Fatal
18898,Non-Fatal Injury
18899,Non-Fatal Injury
18900,Non-Fatal Injury
18901,Non-Fatal Injury
18902,Non-Fatal Injury
18903,Non-Fatal Injury
18904,Non-Fatal Injury
18905,Non-Fatal Injury
18906,Non-Fatal Injury
18907,Non-Fatal Injury
18908,Non-Fatal Injury
18909,Non-Fatal Injury
18910,Non-Fatal Injury
18911,Non-Fatal Injury
18912,Non-Fatal Injury
18913,Non-Fatal Injury
18914,Non-Fatal Injury
18915,Non-Fatal Injury
18916,Non-Fatal Injury
18917,Non-Fatal Injury
18918,Non-Fatal Injury
18919,Non-Fatal Injury
18920,Non-Fatal Injury
18921,Non-Fatal Injury
18922,Non-Fatal Injury
18923,Non-Fatal Injury
18924,Non-Fatal Injury
18925,Non-Fatal Injury
18926,Non-Fatal Injury
18927,Non-Fatal Injury
18928,Non-Fatal Injury
18929,Non-Fatal Injury
18930,Non-Fatal Injury
18931,Non-Fatal Injury
18932,Non-Fatal Injury
18933,Non-Fatal Injury
18934,Non-Fatal Injury
18935,Non-Fatal Injury
18936,Non-Fatal Injury
18937,Non-Fatal Injury
18938,Non-Fatal Injury
18939,Non-Fatal Injury
18940,Non-Fatal Injury
18941,Non-Fatal Injury
18942,Non-Fatal Injury
18943,Non-Fatal Injury
18944,Non-Fatal Injury
18945,Non-Fatal Injury
18946,Non-Fatal Injury
18947,Non-Fatal Injury
18948,Non-Fatal Injury
18949,Non-Fatal Injury
18950,Non-Fatal Injury
18951,Non-Fatal Injury
18952,Non-Fatal Injury
18953,Non-Fatal Injury
18954,Non-Fatal Injury
18955,Non-Fatal Injury
18956,Non-Fatal Injury
18957,Non-Fatal Injury
